id,caller,callee,ts,duration_s,tower_loc
CDR-00001,8830947027,7904344107,2026-06-01T07:18:00,224,Chowk Tower-2
CDR-00002,7416348671,9017725073,2026-06-01T08:14:00,674,Charbagh Tower-5
CDR-00003,8451680897,9476743446,2026-06-01T09:02:00,450,Aminabad Tower-1
CDR-00004,9388577938,6779917439,2026-06-01T09:23:00,134,Chowk Tower-2
CDR-00005,7344312289,7649565799,2026-06-01T09:54:00,617,Charbagh Tower-5
CDR-00006,9432127964,9985491690,2026-06-01T10:41:00,628,Vibhuti Khand Tower-1
CDR-00007,6273771053,6334259395,2026-06-01T11:14:00,258,Gomti Nagar Tower-3
CDR-00008,7505324417,7345093184,2026-06-01T12:00:00,325,Vikas Nagar Tower-2
CDR-00009,9451234567,9812345678,2026-06-01T13:43:00,237,Mahanagar Tower-4
CDR-00010,6507233216,9192611985,2026-06-01T15:05:00,639,Kaiserbagh Tower-1
CDR-00011,6694995585,9175033792,2026-06-01T15:14:00,375,Alambagh Tower-2
CDR-00012,9615589021,9594747408,2026-06-01T16:16:00,891,Mahanagar Tower-4
CDR-00013,8450778136,8153153840,2026-06-01T18:58:00,738,Indira Nagar Tower-1
CDR-00014,9812345678,9839011122,2026-06-01T19:00:00,527,Indira Nagar Tower-1
CDR-00015,9635340963,7514290906,2026-06-01T21:20:00,169,Mahanagar Tower-4
CDR-00016,6240899798,7543274720,2026-06-01T21:33:00,639,Indira Nagar Tower-1
CDR-00017,9615589021,6172756669,2026-06-02T07:14:00,334,Mahanagar Tower-4
CDR-00018,9812345678,7309876543,2026-06-02T08:18:00,78,Indira Nagar Tower-1
CDR-00019,7735834181,6151693201,2026-06-02T08:34:00,219,Chinhat Tower-1
CDR-00020,6273771053,7271524409,2026-06-02T08:50:00,53,Gomti Nagar Tower-3
CDR-00021,8903314230,7038250475,2026-06-02T11:51:00,838,Mahanagar Tower-4
CDR-00022,9890081862,6822983160,2026-06-02T14:17:00,385,Charbagh Tower-5
CDR-00023,6640137205,7990003347,2026-06-02T15:04:00,852,Charbagh Tower-5
CDR-00024,6980453929,9894627539,2026-06-02T15:38:00,304,Chinhat Tower-1
CDR-00025,8164067469,9360638495,2026-06-02T16:20:00,578,Chinhat Tower-1
CDR-00026,7798611474,8364869993,2026-06-02T19:05:00,40,Charbagh Tower-5
CDR-00027,7416348671,7529657632,2026-06-02T19:24:00,280,Charbagh Tower-5
CDR-00028,6609395435,9594747408,2026-06-03T09:47:00,652,Chowk Tower-2
CDR-00029,9615589021,7446784969,2026-06-03T10:55:00,114,Mahanagar Tower-4
CDR-00030,9257771553,9142631499,2026-06-03T16:47:00,900,Chinhat Tower-1
CDR-00031,7182641563,6450390265,2026-06-03T17:23:00,234,Chowk Tower-2
CDR-00032,6023238414,8412566018,2026-06-03T18:01:00,100,Sarojini Nagar Tower-1
CDR-00033,8206117741,8262676770,2026-06-03T18:15:00,197,Chowk Tower-2
CDR-00034,7589737189,9494994551,2026-06-03T18:39:00,595,Chowk Tower-2
CDR-00035,9051750496,6609198129,2026-06-03T20:20:00,395,Kaiserbagh Tower-1
CDR-00036,7170065503,6767920988,2026-06-03T21:29:00,484,Indira Nagar Tower-1
CDR-00037,6023238414,9109659684,2026-06-03T22:07:00,92,Sarojini Nagar Tower-1
CDR-00038,9900112233,9335566778,2026-06-03T22:31:00,71,Alambagh Tower-2
CDR-00039,7185168564,9071213976,2026-06-04T08:39:00,873,Sarojini Nagar Tower-1
CDR-00040,7360890915,6729303069,2026-06-04T09:09:00,75,Vikas Nagar Tower-2
CDR-00041,7649705456,6691941698,2026-06-04T10:11:00,876,Kaiserbagh Tower-1
CDR-00042,9812345678,7287057387,2026-06-04T11:05:00,304,Indira Nagar Tower-1
CDR-00043,8840012345,7287057387,2026-06-04T12:05:00,272,Indira Nagar Tower-1
CDR-00044,9812345678,7287057387,2026-06-04T13:05:00,194,Indira Nagar Tower-1
CDR-00045,6640137205,7175177293,2026-06-04T14:28:00,516,Charbagh Tower-5
CDR-00046,6605997818,6019544044,2026-06-04T16:42:00,251,Indira Nagar Tower-1
CDR-00047,8057121606,7519074461,2026-06-04T17:10:00,465,Gomti Nagar Tower-3
CDR-00048,6980453929,6172756669,2026-06-04T19:35:00,891,Chinhat Tower-1
CDR-00049,9812345678,9839011122,2026-06-04T19:41:00,489,Indira Nagar Tower-1
CDR-00050,7448119675,7519074461,2026-06-04T19:54:00,79,Vibhuti Khand Tower-1
CDR-00051,6222197719,6151693201,2026-06-04T20:54:00,497,Charbagh Tower-5
CDR-00052,7860140885,6191543403,2026-06-04T21:06:00,185,Charbagh Tower-5
CDR-00053,8802355324,9794459979,2026-06-05T09:38:00,718,Vibhuti Khand Tower-1
CDR-00054,6892930801,6243893548,2026-06-05T09:52:00,71,Aliganj Tower-3
CDR-00055,7300690675,6822983160,2026-06-05T10:44:00,96,Charbagh Tower-5
CDR-00056,6180624059,7215368769,2026-06-05T11:02:00,808,Aminabad Tower-1
CDR-00057,6223651659,8262676770,2026-06-05T11:11:00,632,Hazratganj Tower-2
CDR-00058,8886168045,9433614939,2026-06-05T11:23:00,687,Hazratganj Tower-2
CDR-00059,7170065503,8528654908,2026-06-05T11:28:00,777,Indira Nagar Tower-1
CDR-00060,9257771553,6685251139,2026-06-05T12:43:00,29,Chinhat Tower-1
CDR-00061,6320110536,7669528662,2026-06-05T13:39:00,139,Hazratganj Tower-2
CDR-00062,8840012345,7287057387,2026-06-05T14:05:00,355,Indira Nagar Tower-1
CDR-00063,6415451295,9714948284,2026-06-05T14:13:00,212,Chowk Tower-2
CDR-00064,7083910532,9626916156,2026-06-05T14:27:00,169,Chinhat Tower-1
CDR-00065,9218094809,8946827309,2026-06-05T14:56:00,38,Vikas Nagar Tower-2
CDR-00066,6180624059,7126001950,2026-06-05T15:06:00,591,Aminabad Tower-1
CDR-00067,8936455224,7193700113,2026-06-05T15:58:00,414,Aliganj Tower-3
CDR-00068,9786839654,7823292678,2026-06-05T17:40:00,106,Mahanagar Tower-4
CDR-00069,9926979817,6047244804,2026-06-05T20:28:00,753,Aminabad Tower-1
CDR-00070,7897036482,6593773966,2026-06-05T21:01:00,696,Chinhat Tower-1
CDR-00071,7897036482,9994883744,2026-06-05T22:54:00,819,Chinhat Tower-1
CDR-00072,8122165622,8179298719,2026-06-06T07:18:00,208,Alambagh Tower-2
CDR-00073,9316688491,8184221785,2026-06-06T07:49:00,22,Vikas Nagar Tower-2
CDR-00074,6223651659,7325937373,2026-06-06T08:33:00,725,Hazratganj Tower-2
CDR-00075,6566988397,7615248957,2026-06-06T08:54:00,61,Sarojini Nagar Tower-1
CDR-00076,6243182576,6641095798,2026-06-06T10:14:00,440,Mahanagar Tower-4
CDR-00077,9403255481,8053333855,2026-06-06T12:06:00,274,Vikas Nagar Tower-2
CDR-00078,6572952645,8638279247,2026-06-06T12:56:00,86,Sarojini Nagar Tower-1
CDR-00079,7815260768,6082191310,2026-06-06T13:04:00,570,Chinhat Tower-1
CDR-00080,7227601074,7529657632,2026-06-06T13:23:00,663,Chowk Tower-2
CDR-00081,7659919105,7133368054,2026-06-06T13:49:00,324,Vikas Nagar Tower-2
CDR-00082,6222197719,9446293690,2026-06-06T15:48:00,242,Charbagh Tower-5
CDR-00083,7182641563,7315038751,2026-06-06T16:33:00,271,Chowk Tower-2
CDR-00084,8936455224,6685251139,2026-06-06T16:37:00,875,Aliganj Tower-3
CDR-00085,7291434062,9446293690,2026-06-06T17:03:00,392,Vikas Nagar Tower-2
CDR-00086,6598443495,8517404108,2026-06-06T17:52:00,836,Gomti Nagar Tower-3
CDR-00087,7407446786,8642784640,2026-06-06T17:56:00,588,Sarojini Nagar Tower-1
CDR-00088,9687648814,6729303069,2026-06-06T19:32:00,349,Kaiserbagh Tower-1
CDR-00089,6605997818,7325937373,2026-06-07T07:31:00,153,Indira Nagar Tower-1
CDR-00090,7815260768,6671615495,2026-06-07T07:46:00,778,Chinhat Tower-1
CDR-00091,8206117741,6450390265,2026-06-07T10:08:00,246,Chowk Tower-2
CDR-00092,9635340963,8787905406,2026-06-07T10:42:00,850,Mahanagar Tower-4
CDR-00093,9483787046,9948065474,2026-06-07T13:38:00,572,Aminabad Tower-1
CDR-00094,9008786366,7035602748,2026-06-07T16:10:00,645,Mahanagar Tower-4
CDR-00095,7291434062,9466799901,2026-06-07T17:31:00,401,Vikas Nagar Tower-2
CDR-00096,7448119675,6064299441,2026-06-07T18:00:00,517,Vibhuti Khand Tower-1
CDR-00097,9314436589,8430179594,2026-06-07T18:19:00,773,Hazratganj Tower-2
CDR-00098,8549824097,7696138052,2026-06-07T19:27:00,782,Chinhat Tower-1
CDR-00099,9812345678,9839011122,2026-06-07T19:27:00,499,Indira Nagar Tower-1
CDR-00100,9051750496,7325937373,2026-06-07T20:03:00,470,Kaiserbagh Tower-1
CDR-00101,7589737189,7649565799,2026-06-07T22:19:00,259,Chowk Tower-2
CDR-00102,9900112233,9335566778,2026-06-07T22:38:00,204,Alambagh Tower-2
CDR-00103,9695181635,7543274720,2026-06-07T22:46:00,86,Vibhuti Khand Tower-1
CDR-00104,9812345678,7309876543,2026-06-08T08:01:00,151,Indira Nagar Tower-1
CDR-00105,6037318260,8017842269,2026-06-08T10:03:00,106,Sarojini Nagar Tower-1
CDR-00106,7589737189,7016331250,2026-06-08T10:53:00,297,Chowk Tower-2
CDR-00107,8864386036,6451864322,2026-06-08T12:13:00,397,Chinhat Tower-1
CDR-00108,9786839654,9486264151,2026-06-08T15:00:00,455,Mahanagar Tower-4
CDR-00109,9314436589,8638279247,2026-06-08T16:18:00,803,Hazratganj Tower-2
CDR-00110,7031055601,9003561882,2026-06-08T17:55:00,98,Chowk Tower-2
CDR-00111,8271031012,7327154194,2026-06-08T21:27:00,307,Hazratganj Tower-2
CDR-00112,6605997818,8179489678,2026-06-08T22:18:00,812,Indira Nagar Tower-1
CDR-00113,9014280388,6060542402,2026-06-08T22:37:00,492,Vikas Nagar Tower-2
CDR-00114,9316688491,6016030321,2026-06-08T22:41:00,92,Vikas Nagar Tower-2
CDR-00115,8430990138,9109659684,2026-06-09T07:22:00,703,Indira Nagar Tower-1
CDR-00116,7649705456,9866583917,2026-06-09T08:39:00,447,Kaiserbagh Tower-1
CDR-00117,6640137205,6897026754,2026-06-09T12:55:00,49,Charbagh Tower-5
CDR-00118,6685425389,8728386077,2026-06-09T13:23:00,889,Hazratganj Tower-2
CDR-00119,9051750496,6019544044,2026-06-09T14:39:00,95,Kaiserbagh Tower-1
CDR-00120,7478673666,6321324975,2026-06-09T14:40:00,756,Mahanagar Tower-4
CDR-00121,9388577938,6340849048,2026-06-09T14:56:00,440,Chowk Tower-2
CDR-00122,9008786366,8095569828,2026-06-09T15:03:00,433,Mahanagar Tower-4
CDR-00123,8035321311,8529737392,2026-06-09T16:19:00,219,Alambagh Tower-2
CDR-00124,7276844091,9142631499,2026-06-09T17:27:00,326,Aminabad Tower-1
CDR-00125,8035321311,7002942788,2026-06-09T17:27:00,196,Alambagh Tower-2
CDR-00126,6640137205,7811610551,2026-06-09T17:31:00,800,Charbagh Tower-5
CDR-00127,8027665639,6218892710,2026-06-09T17:33:00,551,Mahanagar Tower-4
CDR-00128,9596410272,9114222105,2026-06-10T07:45:00,129,Vikas Nagar Tower-2
CDR-00129,7559568502,6963900640,2026-06-10T07:55:00,591,Kaiserbagh Tower-1
CDR-00130,7505324417,8477896097,2026-06-10T09:01:00,284,Vikas Nagar Tower-2
CDR-00131,6428000733,8517404108,2026-06-10T09:40:00,53,Alambagh Tower-2
CDR-00132,8444897666,7666050234,2026-06-10T11:48:00,75,Aminabad Tower-1
CDR-00133,7815260768,7767636849,2026-06-10T12:12:00,269,Chinhat Tower-1
CDR-00134,6553479583,9820022835,2026-06-10T12:32:00,272,Aminabad Tower-1
CDR-00135,6694995585,9339814820,2026-06-10T12:52:00,150,Alambagh Tower-2
CDR-00136,8430990138,7990003347,2026-06-10T13:15:00,493,Indira Nagar Tower-1
CDR-00137,9451234567,9812345678,2026-06-10T13:43:00,222,Mahanagar Tower-4
CDR-00138,6438286655,9476743446,2026-06-10T13:48:00,897,Vibhuti Khand Tower-1
CDR-00139,9109252478,6081005037,2026-06-10T17:19:00,358,Indira Nagar Tower-1
CDR-00140,6685425389,6881881093,2026-06-10T18:56:00,352,Hazratganj Tower-2
CDR-00141,7083910532,7666050234,2026-06-10T19:21:00,420,Chinhat Tower-1
CDR-00142,9812345678,9839011122,2026-06-10T19:29:00,256,Indira Nagar Tower-1
CDR-00143,6808248219,8234582647,2026-06-10T21:33:00,318,Mahanagar Tower-4
CDR-00144,6438286655,7544177008,2026-06-11T07:34:00,744,Vibhuti Khand Tower-1
CDR-00145,6240899798,8598039358,2026-06-11T09:54:00,652,Indira Nagar Tower-1
CDR-00146,6324453016,6955212314,2026-06-11T11:51:00,645,Sarojini Nagar Tower-1
CDR-00147,6694995585,6897026754,2026-06-11T14:36:00,192,Alambagh Tower-2
CDR-00148,7628016674,7489805580,2026-06-11T14:53:00,614,Kaiserbagh Tower-1
CDR-00149,9235309679,6121877087,2026-06-11T19:11:00,646,Hazratganj Tower-2
CDR-00150,6036593292,6729303069,2026-06-11T20:51:00,206,Chowk Tower-2
CDR-00151,7227601074,9533909303,2026-06-11T21:37:00,755,Chowk Tower-2
CDR-00152,9900112233,9335566778,2026-06-11T22:11:00,101,Alambagh Tower-2
CDR-00153,6808248219,9798572911,2026-06-11T22:39:00,750,Mahanagar Tower-4
CDR-00154,9935222511,9335566778,2026-06-11T23:33:00,53,Charbagh Tower-5
CDR-00155,8830947027,6184487415,2026-06-12T07:30:00,530,Chowk Tower-2
CDR-00156,6572952645,7876077092,2026-06-12T08:43:00,327,Sarojini Nagar Tower-1
CDR-00157,7860140885,7726926839,2026-06-12T09:21:00,338,Charbagh Tower-5
CDR-00158,9850177961,8605883214,2026-06-12T09:33:00,366,Sarojini Nagar Tower-1
CDR-00159,6605997818,8784640487,2026-06-12T09:58:00,812,Indira Nagar Tower-1
CDR-00160,6605997818,9369688297,2026-06-12T11:10:00,82,Indira Nagar Tower-1
CDR-00161,7360890915,6671615495,2026-06-12T11:49:00,454,Vikas Nagar Tower-2
CDR-00162,7448119675,8642784640,2026-06-12T14:02:00,615,Vibhuti Khand Tower-1
CDR-00163,8814093348,8598039358,2026-06-12T15:59:00,774,Hazratganj Tower-2
CDR-00164,7694743992,6621847145,2026-06-12T16:57:00,143,Sarojini Nagar Tower-1
CDR-00165,8551587713,6354292542,2026-06-12T18:05:00,511,Mahanagar Tower-4
CDR-00166,6240899798,7025032791,2026-06-12T19:04:00,833,Indira Nagar Tower-1
CDR-00167,9593115499,8488870324,2026-06-12T19:11:00,356,Chowk Tower-2
CDR-00168,7649705456,7188754978,2026-06-12T20:35:00,760,Kaiserbagh Tower-1
CDR-00169,9257771553,9719839650,2026-06-12T21:13:00,697,Chinhat Tower-1
CDR-00170,8027665639,6489264872,2026-06-12T21:23:00,825,Mahanagar Tower-4
CDR-00171,9890081862,8330261093,2026-06-12T22:05:00,823,Charbagh Tower-5
CDR-00172,6446025310,9039828649,2026-06-13T07:22:00,342,Indira Nagar Tower-1
CDR-00173,8271031012,8262676770,2026-06-13T08:50:00,871,Hazratganj Tower-2
CDR-00174,8814093348,9434909002,2026-06-13T08:55:00,141,Hazratganj Tower-2
CDR-00175,8013780200,7043849865,2026-06-13T09:52:00,146,Sarojini Nagar Tower-1
CDR-00176,7276844091,9798572911,2026-06-13T10:04:00,518,Aminabad Tower-1
CDR-00177,9403255481,9812347335,2026-06-13T10:16:00,192,Vikas Nagar Tower-2
CDR-00178,7628016674,6837909881,2026-06-13T10:48:00,795,Kaiserbagh Tower-1
CDR-00179,6764792786,6925538631,2026-06-13T11:16:00,768,Kaiserbagh Tower-1
CDR-00180,7185168564,6041801369,2026-06-13T12:00:00,711,Sarojini Nagar Tower-1
CDR-00181,9447572774,6041801369,2026-06-13T12:44:00,698,Hazratganj Tower-2
CDR-00182,9940212475,8639700697,2026-06-13T15:18:00,887,Charbagh Tower-5
CDR-00183,7781973665,6238096763,2026-06-13T15:45:00,533,Sarojini Nagar Tower-1
CDR-00184,7735834181,6081005037,2026-06-13T15:51:00,760,Chinhat Tower-1
CDR-00185,7478673666,8179489678,2026-06-13T18:21:00,416,Mahanagar Tower-4
CDR-00186,6568330958,7175177293,2026-06-13T18:28:00,80,Mahanagar Tower-4
CDR-00187,9615589021,8312738599,2026-06-13T18:53:00,478,Mahanagar Tower-4
CDR-00188,9812345678,9839011122,2026-06-13T19:02:00,178,Indira Nagar Tower-1
CDR-00189,7897036482,7015536123,2026-06-13T19:16:00,601,Chinhat Tower-1
CDR-00190,9432127964,6151693201,2026-06-13T19:21:00,716,Vibhuti Khand Tower-1
CDR-00191,9563143821,9039828649,2026-06-13T19:36:00,425,Kaiserbagh Tower-1
CDR-00192,7478673666,8598039358,2026-06-13T21:39:00,215,Mahanagar Tower-4
CDR-00193,8341038325,7191723565,2026-06-13T22:59:00,330,Vibhuti Khand Tower-1
CDR-00194,7589737189,8216366012,2026-06-14T08:27:00,799,Chowk Tower-2
CDR-00195,9812345678,7309876543,2026-06-14T08:37:00,110,Indira Nagar Tower-1
CDR-00196,7997877471,8234582647,2026-06-14T09:49:00,28,Vibhuti Khand Tower-1
CDR-00197,6428000733,6291749574,2026-06-14T10:38:00,871,Alambagh Tower-2
CDR-00198,8936455224,8047797343,2026-06-14T12:02:00,695,Aliganj Tower-3
CDR-00199,8756732853,6151693201,2026-06-14T13:13:00,87,Sarojini Nagar Tower-1
CDR-00200,9746082838,8143315272,2026-06-14T13:28:00,176,Chowk Tower-2
CDR-00201,7860140885,9432208935,2026-06-14T14:38:00,241,Charbagh Tower-5
CDR-00202,7478673666,9839412593,2026-06-14T15:45:00,516,Mahanagar Tower-4
CDR-00203,7416348671,9716560386,2026-06-14T17:53:00,704,Charbagh Tower-5
CDR-00204,7997877471,7446784969,2026-06-14T19:12:00,153,Vibhuti Khand Tower-1
CDR-00205,6222197719,8638279247,2026-06-14T19:46:00,414,Charbagh Tower-5
CDR-00206,7007336261,8053333855,2026-06-14T21:24:00,468,Chinhat Tower-1
CDR-00207,7578391803,7696138052,2026-06-14T21:55:00,586,Aminabad Tower-1
CDR-00208,6243182576,9175033792,2026-06-14T22:09:00,637,Mahanagar Tower-4
CDR-00209,7194598177,9335566778,2026-06-14T23:05:00,103,Charbagh Tower-5
CDR-00210,7659919105,6184487415,2026-06-15T08:28:00,802,Vikas Nagar Tower-2
CDR-00211,8802355324,9719839650,2026-06-15T08:39:00,304,Vibhuti Khand Tower-1
CDR-00212,9786839654,8756362056,2026-06-15T11:13:00,667,Mahanagar Tower-4
CDR-00213,8451680897,6188242204,2026-06-15T12:07:00,217,Aminabad Tower-1
CDR-00214,9670893222,6019544044,2026-06-15T14:25:00,798,Alambagh Tower-2
CDR-00215,9218094809,8160493860,2026-06-15T15:06:00,234,Vikas Nagar Tower-2
CDR-00216,6745805285,7788687914,2026-06-15T15:08:00,219,Alambagh Tower-2
CDR-00217,7127668507,8517404108,2026-06-15T16:06:00,341,Indira Nagar Tower-1
CDR-00218,7269305249,6218892710,2026-06-15T17:38:00,780,Kaiserbagh Tower-1
CDR-00219,7170065503,8095569828,2026-06-15T17:47:00,613,Indira Nagar Tower-1
CDR-00220,6438286655,8407736105,2026-06-15T18:25:00,490,Vibhuti Khand Tower-1
CDR-00221,7083910532,7322751805,2026-06-15T19:15:00,470,Chinhat Tower-1
CDR-00222,9365055197,9245147718,2026-06-15T19:56:00,544,Charbagh Tower-5
CDR-00223,8430990138,7280768051,2026-06-15T20:01:00,806,Indira Nagar Tower-1
CDR-00224,9593115499,8179298719,2026-06-15T20:02:00,520,Chowk Tower-2
CDR-00225,9008786366,7519074461,2026-06-15T21:24:00,649,Mahanagar Tower-4
CDR-00226,9900112233,9335566778,2026-06-15T22:54:00,167,Alambagh Tower-2
CDR-00227,9786839654,6767920988,2026-06-16T08:25:00,279,Mahanagar Tower-4
CDR-00228,7269305249,7769211161,2026-06-16T08:26:00,297,Kaiserbagh Tower-1
CDR-00229,7269305249,7446784969,2026-06-16T09:18:00,300,Kaiserbagh Tower-1
CDR-00230,7313330850,6774082380,2026-06-16T09:44:00,751,Hazratganj Tower-2
CDR-00231,7150526853,6646709042,2026-06-16T11:39:00,745,Aminabad Tower-1
CDR-00232,6519258811,7035602748,2026-06-16T12:09:00,242,Mahanagar Tower-4
CDR-00233,6598443495,6230784736,2026-06-16T12:57:00,805,Gomti Nagar Tower-3
CDR-00234,7860140885,9466799901,2026-06-16T13:05:00,876,Charbagh Tower-5
CDR-00235,7505324417,7175177293,2026-06-16T13:11:00,889,Vikas Nagar Tower-2
CDR-00236,6222197719,6199928373,2026-06-16T13:20:00,101,Charbagh Tower-5
CDR-00237,7649705456,7322751805,2026-06-16T13:33:00,149,Kaiserbagh Tower-1
CDR-00238,7815260768,8312738599,2026-06-16T14:04:00,441,Chinhat Tower-1
CDR-00239,8907273755,8787905406,2026-06-16T14:39:00,392,Aliganj Tower-3
CDR-00240,9388577938,9175033792,2026-06-16T15:10:00,378,Chowk Tower-2
CDR-00241,8362645802,7769211161,2026-06-16T15:36:00,124,Charbagh Tower-5
CDR-00242,9746082838,9245147718,2026-06-16T16:31:00,559,Chowk Tower-2
CDR-00243,8664976681,7772683718,2026-06-16T17:09:00,157,Vibhuti Khand Tower-1
CDR-00244,6427135822,7529657632,2026-06-16T17:44:00,277,Sarojini Nagar Tower-1
CDR-00245,6223651659,6437229124,2026-06-16T18:15:00,90,Hazratganj Tower-2
CDR-00246,9812345678,9839011122,2026-06-16T19:16:00,488,Indira Nagar Tower-1
CDR-00247,8125877577,7036246230,2026-06-16T19:17:00,611,Alambagh Tower-2
CDR-00248,7815260768,7615248957,2026-06-16T19:46:00,182,Chinhat Tower-1
CDR-00249,7659919105,8163362928,2026-06-16T20:02:00,478,Vikas Nagar Tower-2
CDR-00250,8907273755,8179298719,2026-06-16T20:18:00,562,Aliganj Tower-3
CDR-00251,8174052984,9360638495,2026-06-16T21:30:00,759,Charbagh Tower-5
CDR-00252,8027665639,7514290906,2026-06-16T22:44:00,64,Mahanagar Tower-4
CDR-00253,9687648814,8095569828,2026-06-17T07:14:00,483,Kaiserbagh Tower-1
CDR-00254,9257771553,9107899557,2026-06-17T07:29:00,877,Chinhat Tower-1
CDR-00255,8164067469,7990003347,2026-06-17T09:04:00,390,Chinhat Tower-1
CDR-00256,9257771553,9934567687,2026-06-17T10:07:00,723,Chinhat Tower-1
CDR-00257,8035321311,6925538631,2026-06-17T10:45:00,764,Alambagh Tower-2
CDR-00258,7735834181,9419068153,2026-06-17T11:45:00,545,Chinhat Tower-1
CDR-00259,7860140885,7149286709,2026-06-17T12:11:00,358,Charbagh Tower-5
CDR-00260,7735834181,9925955587,2026-06-17T12:25:00,732,Chinhat Tower-1
CDR-00261,9308138819,6047244804,2026-06-17T14:12:00,358,Alambagh Tower-2
CDR-00262,9748501757,6691258218,2026-06-17T15:00:00,879,Mahanagar Tower-4
CDR-00263,8864386036,8782394566,2026-06-17T16:00:00,530,Chinhat Tower-1
CDR-00264,9670893222,8746894221,2026-06-17T17:35:00,349,Alambagh Tower-2
CDR-00265,9456789012,9415098765,2026-06-17T17:53:00,142,Aminabad Tower-1
CDR-00266,9051750496,7529657632,2026-06-17T18:50:00,588,Kaiserbagh Tower-1
CDR-00267,9786839654,6096966722,2026-06-17T20:13:00,782,Mahanagar Tower-4
CDR-00268,7083910532,6837909881,2026-06-17T21:12:00,579,Chinhat Tower-1
CDR-00269,6446025310,8017842269,2026-06-17T21:13:00,330,Indira Nagar Tower-1
CDR-00270,7559568502,6286846804,2026-06-17T21:49:00,672,Kaiserbagh Tower-1
CDR-00271,7559568502,9175033792,2026-06-18T08:50:00,840,Kaiserbagh Tower-1
CDR-00272,9456789012,7007654321,2026-06-18T09:49:00,106,Charbagh Tower-5
CDR-00273,9235309679,9271059192,2026-06-18T09:58:00,321,Hazratganj Tower-2
CDR-00274,6180624059,8047797343,2026-06-18T10:00:00,440,Aminabad Tower-1
CDR-00275,6324453016,7529657632,2026-06-18T10:04:00,455,Sarojini Nagar Tower-1
CDR-00276,6980453929,7950661520,2026-06-18T10:54:00,420,Chinhat Tower-1
CDR-00277,8549824097,6354292542,2026-06-18T11:03:00,873,Chinhat Tower-1
CDR-00278,8057121606,7275684396,2026-06-18T11:33:00,232,Gomti Nagar Tower-3
CDR-00279,8451680897,7930924664,2026-06-18T11:40:00,259,Aminabad Tower-1
CDR-00280,6568330958,7489805580,2026-06-18T11:42:00,263,Mahanagar Tower-4
CDR-00281,8551587713,9670706591,2026-06-18T12:04:00,708,Mahanagar Tower-4
CDR-00282,8271031012,6691258218,2026-06-18T16:35:00,146,Hazratganj Tower-2
CDR-00283,9257771553,6664275980,2026-06-18T17:15:00,342,Chinhat Tower-1
CDR-00284,8093128879,8305561539,2026-06-18T18:18:00,102,Kaiserbagh Tower-1
CDR-00285,8907273755,9486264151,2026-06-18T18:28:00,417,Aliganj Tower-3
CDR-00286,7940847439,7788687914,2026-06-18T19:11:00,727,Chowk Tower-2
CDR-00287,6605997818,9794459979,2026-06-18T20:34:00,354,Indira Nagar Tower-1
CDR-00288,6240899798,7666050234,2026-06-19T08:09:00,735,Indira Nagar Tower-1
CDR-00289,9483787046,8831331141,2026-06-19T08:23:00,405,Aminabad Tower-1
CDR-00290,8903314230,7535745413,2026-06-19T09:31:00,132,Mahanagar Tower-4
CDR-00291,9935222511,9335566778,2026-06-19T10:17:00,47,Charbagh Tower-5
CDR-00292,6566988397,6767920988,2026-06-19T10:44:00,316,Sarojini Nagar Tower-1
CDR-00293,7642258009,6303257914,2026-06-19T10:53:00,622,Gomti Nagar Tower-3
CDR-00294,9786839654,9948065474,2026-06-19T10:58:00,634,Mahanagar Tower-4
CDR-00295,7083910532,9039828649,2026-06-19T11:15:00,722,Chinhat Tower-1
CDR-00296,9014280388,6291749574,2026-06-19T12:13:00,129,Vikas Nagar Tower-2
CDR-00297,8057121606,8137181224,2026-06-19T12:45:00,559,Gomti Nagar Tower-3
CDR-00298,9451234567,9812345678,2026-06-19T13:12:00,250,Mahanagar Tower-4
CDR-00299,6817795662,8234582647,2026-06-19T14:40:00,13,Vibhuti Khand Tower-1
CDR-00300,6805873352,6437229124,2026-06-19T15:33:00,388,Vikas Nagar Tower-2
CDR-00301,8206117741,8179298719,2026-06-19T16:54:00,241,Chowk Tower-2
CDR-00302,7170065503,8211326111,2026-06-19T17:38:00,302,Indira Nagar Tower-1
CDR-00303,9812345678,9839011122,2026-06-19T19:55:00,247,Indira Nagar Tower-1
CDR-00304,9316688491,7251054307,2026-06-19T20:19:00,852,Vikas Nagar Tower-2
CDR-00305,6324453016,6610603446,2026-06-19T21:05:00,770,Sarojini Nagar Tower-1
CDR-00306,7897036482,7882833956,2026-06-19T21:07:00,47,Chinhat Tower-1
CDR-00307,8756732853,9017725073,2026-06-19T21:37:00,71,Sarojini Nagar Tower-1
CDR-00308,7416348671,6340849048,2026-06-19T21:44:00,889,Charbagh Tower-5
CDR-00309,9900112233,9335566778,2026-06-19T22:21:00,113,Alambagh Tower-2
CDR-00310,7505324417,8927766971,2026-06-20T08:26:00,787,Vikas Nagar Tower-2
CDR-00311,7269305249,7149358291,2026-06-20T08:51:00,591,Kaiserbagh Tower-1
CDR-00312,9812345678,7309876543,2026-06-20T08:56:00,110,Indira Nagar Tower-1
CDR-00313,9262340097,9362549250,2026-06-20T08:59:00,411,Chowk Tower-2
CDR-00314,9812345678,8531529175,2026-06-20T11:05:00,71,Indira Nagar Tower-1
CDR-00315,8840012345,8531529175,2026-06-20T12:05:00,378,Indira Nagar Tower-1
CDR-00316,9812345678,8531529175,2026-06-20T13:05:00,294,Indira Nagar Tower-1
CDR-00317,8664976681,8405365806,2026-06-20T13:16:00,487,Vibhuti Khand Tower-1
CDR-00318,7798611474,9003561882,2026-06-20T14:41:00,301,Charbagh Tower-5
CDR-00319,6438286655,8235112204,2026-06-20T15:48:00,518,Vibhuti Khand Tower-1
CDR-00320,7940847439,8761508190,2026-06-20T17:41:00,168,Chowk Tower-2
CDR-00321,7313330850,8528654908,2026-06-20T18:42:00,391,Hazratganj Tower-2
CDR-00322,8673618335,6019544044,2026-06-20T19:11:00,199,Kaiserbagh Tower-1
CDR-00323,9051750496,9798572911,2026-06-20T19:48:00,706,Kaiserbagh Tower-1
CDR-00324,9218094809,8184221785,2026-06-20T20:35:00,888,Vikas Nagar Tower-2
CDR-00325,6324453016,6437229124,2026-06-20T21:34:00,750,Sarojini Nagar Tower-1
CDR-00326,7897036482,9725143146,2026-06-21T08:30:00,398,Chinhat Tower-1
CDR-00327,7127668507,6957652582,2026-06-21T09:37:00,545,Indira Nagar Tower-1
CDR-00328,9051750496,6671615495,2026-06-21T10:13:00,422,Kaiserbagh Tower-1
CDR-00329,8397806769,6451864322,2026-06-21T10:21:00,627,Vibhuti Khand Tower-1
CDR-00330,7326260514,8761508190,2026-06-21T11:52:00,780,Hazratganj Tower-2
CDR-00331,8830947027,9017725073,2026-06-21T13:11:00,297,Chowk Tower-2
CDR-00332,7031055601,7800616258,2026-06-21T13:16:00,694,Chowk Tower-2
CDR-00333,8164067469,8644053916,2026-06-21T13:47:00,27,Chinhat Tower-1
CDR-00334,8802355324,6621847145,2026-06-21T13:47:00,718,Vibhuti Khand Tower-1
CDR-00335,8840012345,8531529175,2026-06-21T14:05:00,265,Indira Nagar Tower-1
CDR-00336,6745805285,6729303069,2026-06-21T15:00:00,643,Alambagh Tower-2
CDR-00337,9812345678,8531529175,2026-06-21T15:05:00,97,Indira Nagar Tower-1
CDR-00338,6273771053,6573365759,2026-06-21T15:30:00,832,Gomti Nagar Tower-3
CDR-00339,8840012345,8531529175,2026-06-21T16:05:00,203,Indira Nagar Tower-1
CDR-00340,8205282605,7043849865,2026-06-21T17:01:00,123,Indira Nagar Tower-1
CDR-00341,7589737189,9562148662,2026-06-21T17:43:00,51,Chowk Tower-2
CDR-00342,8932608107,7788687914,2026-06-21T18:23:00,582,Chinhat Tower-1
CDR-00343,6878691940,9335566778,2026-06-21T18:56:00,89,Charbagh Tower-5
CDR-00344,8558622127,6845633289,2026-06-21T19:40:00,124,Kaiserbagh Tower-1
CDR-00345,6878691940,9335566778,2026-06-21T19:41:00,79,Charbagh Tower-5
CDR-00346,7478673666,6573365759,2026-06-21T19:52:00,701,Mahanagar Tower-4
CDR-00347,7182641563,9446293690,2026-06-21T22:20:00,726,Chowk Tower-2
CDR-00348,6116951443,6096966722,2026-06-22T08:29:00,724,Hazratganj Tower-2
CDR-00349,9316688491,6082191310,2026-06-22T12:08:00,511,Vikas Nagar Tower-2
CDR-00350,9014280388,7549070886,2026-06-22T12:15:00,753,Vikas Nagar Tower-2
CDR-00351,6817795662,7231160492,2026-06-22T13:10:00,776,Vibhuti Khand Tower-1
CDR-00352,6507233216,8137181224,2026-06-22T13:56:00,695,Kaiserbagh Tower-1
CDR-00353,6878691940,9335566778,2026-06-22T14:59:00,60,Charbagh Tower-5
CDR-00354,7700947059,9419068153,2026-06-22T15:29:00,204,Aminabad Tower-1
CDR-00355,7182641563,8927766971,2026-06-22T15:50:00,723,Chowk Tower-2
CDR-00356,8206117741,6121877087,2026-06-22T15:55:00,655,Chowk Tower-2
CDR-00357,7623833617,9335566778,2026-06-22T16:11:00,85,Charbagh Tower-5
CDR-00358,6023238414,6411006932,2026-06-22T17:56:00,22,Sarojini Nagar Tower-1
CDR-00359,6446025310,6184487415,2026-06-22T18:37:00,589,Indira Nagar Tower-1
CDR-00360,8549824097,9192611985,2026-06-22T19:30:00,663,Chinhat Tower-1
CDR-00361,8035321311,8423244633,2026-06-22T19:40:00,327,Alambagh Tower-2
CDR-00362,9812345678,9839011122,2026-06-22T19:43:00,272,Indira Nagar Tower-1
CDR-00363,6240899798,9003561882,2026-06-22T19:57:00,233,Indira Nagar Tower-1
CDR-00364,8271031012,8906672645,2026-06-23T07:13:00,509,Hazratganj Tower-2
CDR-00365,6807707256,9335566778,2026-06-23T09:29:00,56,Charbagh Tower-5
CDR-00366,7076539435,7402811060,2026-06-23T10:01:00,431,Alambagh Tower-2
CDR-00367,9746082838,8405365806,2026-06-23T10:17:00,241,Chowk Tower-2
CDR-00368,8589401085,9794459979,2026-06-23T10:51:00,795,Charbagh Tower-5
CDR-00369,7227601074,8748435732,2026-06-23T11:32:00,12,Chowk Tower-2
CDR-00370,7835212427,8761508190,2026-06-23T11:41:00,297,Vibhuti Khand Tower-1
CDR-00371,6685425389,8639700697,2026-06-23T13:45:00,87,Hazratganj Tower-2
CDR-00372,8469565834,9335566778,2026-06-23T14:14:00,38,Charbagh Tower-5
CDR-00373,8862043729,6609198129,2026-06-23T14:15:00,240,Aminabad Tower-1
CDR-00374,8469565834,9335566778,2026-06-23T15:42:00,25,Charbagh Tower-5
CDR-00375,8558622127,6184487415,2026-06-23T15:42:00,605,Kaiserbagh Tower-1
CDR-00376,6598443495,7810236311,2026-06-23T15:51:00,616,Gomti Nagar Tower-3
CDR-00377,9456789012,9415098765,2026-06-23T17:13:00,102,Aminabad Tower-1
CDR-00378,6817795662,6641095798,2026-06-23T19:08:00,868,Vibhuti Khand Tower-1
CDR-00379,7470955636,8782394566,2026-06-23T20:13:00,215,Chowk Tower-2
CDR-00380,7628016674,7825297405,2026-06-23T21:35:00,31,Kaiserbagh Tower-1
CDR-00381,8830947027,8251952631,2026-06-23T21:53:00,785,Chowk Tower-2
CDR-00382,6116951443,9865364639,2026-06-23T22:52:00,203,Hazratganj Tower-2
CDR-00383,9900112233,9335566778,2026-06-23T22:55:00,104,Alambagh Tower-2
CDR-00384,9563143821,8330261093,2026-06-24T07:39:00,495,Kaiserbagh Tower-1
CDR-00385,8664976681,9630474543,2026-06-24T09:02:00,46,Vibhuti Khand Tower-1
CDR-00386,9456789012,7007654321,2026-06-24T09:34:00,64,Charbagh Tower-5
CDR-00387,6598443495,9305513327,2026-06-24T12:25:00,608,Gomti Nagar Tower-3
CDR-00388,9106340013,7345093184,2026-06-24T12:41:00,105,Indira Nagar Tower-1
CDR-00389,8589401085,9024962560,2026-06-24T13:11:00,489,Charbagh Tower-5
CDR-00390,8802355324,8179489678,2026-06-24T14:35:00,496,Vibhuti Khand Tower-1
CDR-00391,6943080948,7543274720,2026-06-24T14:52:00,379,Gomti Nagar Tower-3
CDR-00392,8661821295,8782394566,2026-06-24T16:13:00,619,Gomti Nagar Tower-3
CDR-00393,6320110536,6450390265,2026-06-24T17:05:00,134,Hazratganj Tower-2
CDR-00394,7642258009,6685251139,2026-06-24T17:16:00,18,Gomti Nagar Tower-3
CDR-00395,9447572774,9994883744,2026-06-24T20:10:00,261,Hazratganj Tower-2
CDR-00396,7559568502,8517404108,2026-06-24T22:16:00,319,Kaiserbagh Tower-1
CDR-00397,6427135822,8002934047,2026-06-25T10:30:00,754,Sarojini Nagar Tower-1
CDR-00398,9432127964,6955212314,2026-06-25T11:21:00,500,Vibhuti Khand Tower-1
CDR-00399,6980453929,6334259395,2026-06-25T13:15:00,85,Chinhat Tower-1
CDR-00400,9593115499,7402811060,2026-06-25T13:50:00,212,Chowk Tower-2
CDR-00401,9635340963,9892292906,2026-06-25T14:29:00,715,Mahanagar Tower-4
CDR-00402,7185168564,8235112204,2026-06-25T14:50:00,190,Sarojini Nagar Tower-1
CDR-00403,8450778136,9925955587,2026-06-25T15:09:00,49,Indira Nagar Tower-1
CDR-00404,9687648814,8312738599,2026-06-25T17:25:00,685,Kaiserbagh Tower-1
CDR-00405,7030655000,7669528662,2026-06-25T18:05:00,874,Kaiserbagh Tower-1
CDR-00406,6943080948,9017725073,2026-06-25T18:06:00,212,Gomti Nagar Tower-3
CDR-00407,8444897666,6897026754,2026-06-25T18:53:00,73,Aminabad Tower-1
CDR-00408,9812345678,9839011122,2026-06-25T19:14:00,469,Indira Nagar Tower-1
CDR-00409,9365055197,8882629596,2026-06-25T22:15:00,130,Charbagh Tower-5
CDR-00410,9596410272,6424812661,2026-06-25T22:20:00,322,Vikas Nagar Tower-2
CDR-00411,9563143821,7666050234,2026-06-25T22:52:00,848,Kaiserbagh Tower-1
CDR-00412,7860140885,9476743446,2026-06-26T07:28:00,479,Charbagh Tower-5
CDR-00413,6764792786,7325937373,2026-06-26T08:08:00,416,Kaiserbagh Tower-1
CDR-00414,9812345678,7309876543,2026-06-26T08:43:00,44,Indira Nagar Tower-1
CDR-00415,8174052984,7928138895,2026-06-26T10:39:00,569,Charbagh Tower-5
CDR-00416,6036593292,6243893548,2026-06-26T12:38:00,404,Chowk Tower-2
CDR-00417,6507233216,7275684396,2026-06-26T13:18:00,128,Kaiserbagh Tower-1
CDR-00418,8164067469,8412566018,2026-06-26T14:05:00,895,Chinhat Tower-1
CDR-00419,6180624059,6291749574,2026-06-26T14:23:00,651,Aminabad Tower-1
CDR-00420,8549824097,6664790245,2026-06-26T14:25:00,510,Chinhat Tower-1
CDR-00421,9638249972,7882833956,2026-06-26T14:57:00,504,Vibhuti Khand Tower-1
CDR-00422,9746082838,8638279247,2026-06-26T15:33:00,395,Chowk Tower-2
CDR-00423,7734390122,7810236311,2026-06-26T17:06:00,12,Charbagh Tower-5
CDR-00424,7416348671,8488870324,2026-06-26T17:49:00,811,Charbagh Tower-5
CDR-00425,7734390122,7767296871,2026-06-26T17:49:00,337,Charbagh Tower-5
CDR-00426,8862043729,9494994551,2026-06-26T19:10:00,525,Aminabad Tower-1
CDR-00427,9335566778,9935222511,2026-06-26T20:04:00,32,Chowk Tower-2
CDR-00428,9335566778,7623833617,2026-06-26T20:12:00,49,Chowk Tower-2
CDR-00429,8903314230,6230784736,2026-06-26T20:20:00,580,Mahanagar Tower-4
CDR-00430,9335566778,8469565834,2026-06-26T20:20:00,37,Chowk Tower-2
CDR-00431,9335566778,6807707256,2026-06-26T20:28:00,42,Chowk Tower-2
CDR-00432,9335566778,7194598177,2026-06-26T20:36:00,21,Chowk Tower-2
CDR-00433,8862043729,8680254043,2026-06-26T20:43:00,770,Aminabad Tower-1
CDR-00434,9335566778,6878691940,2026-06-26T20:44:00,33,Chowk Tower-2
CDR-00435,7940847439,8405365806,2026-06-26T20:45:00,353,Chowk Tower-2
CDR-00436,9335566778,9935222511,2026-06-26T20:52:00,15,Chowk Tower-2
CDR-00437,9335566778,7623833617,2026-06-26T21:00:00,59,Chowk Tower-2
CDR-00438,9335566778,8469565834,2026-06-26T21:08:00,17,Chowk Tower-2
CDR-00439,8830947027,9798572911,2026-06-26T21:48:00,191,Chowk Tower-2
CDR-00440,7723201439,6664790245,2026-06-26T22:18:00,392,Chinhat Tower-1
CDR-00441,7642258009,8638279247,2026-06-26T22:23:00,260,Gomti Nagar Tower-3
CDR-00442,7694743992,9985491690,2026-06-27T10:10:00,850,Sarojini Nagar Tower-1
CDR-00443,6980453929,7449086171,2026-06-27T10:39:00,456,Chinhat Tower-1
CDR-00444,8864386036,7800616258,2026-06-27T12:08:00,196,Chinhat Tower-1
CDR-00445,9262340097,7882833956,2026-06-27T12:24:00,807,Chowk Tower-2
CDR-00446,7255653843,6615847712,2026-06-27T13:08:00,636,Vibhuti Khand Tower-1
CDR-00447,9695181635,6172756669,2026-06-27T14:35:00,339,Vibhuti Khand Tower-1
CDR-00448,9218094809,9305513327,2026-06-27T16:56:00,642,Vikas Nagar Tower-2
CDR-00449,7538985796,7251054307,2026-06-27T20:21:00,104,Vikas Nagar Tower-2
CDR-00450,6324453016,7769211161,2026-06-27T20:54:00,620,Sarojini Nagar Tower-1
CDR-00451,6324453016,9719839650,2026-06-27T21:38:00,57,Sarojini Nagar Tower-1
CDR-00452,9900112233,9335566778,2026-06-27T22:26:00,87,Alambagh Tower-2
CDR-00453,6943080948,6411006932,2026-06-27T22:41:00,448,Gomti Nagar Tower-3
CDR-00454,7723201439,9668870685,2026-06-28T08:31:00,590,Chinhat Tower-1
CDR-00455,6892930801,7407690592,2026-06-28T09:48:00,820,Aliganj Tower-3
CDR-00456,7860140885,6188242204,2026-06-28T10:26:00,414,Charbagh Tower-5
CDR-00457,7735834181,9934567687,2026-06-28T11:52:00,815,Chinhat Tower-1
CDR-00458,6694995585,7769211161,2026-06-28T12:32:00,59,Alambagh Tower-2
CDR-00459,6320110536,8787905406,2026-06-28T13:52:00,423,Hazratganj Tower-2
CDR-00460,9451234567,9812345678,2026-06-28T13:57:00,173,Mahanagar Tower-4
CDR-00461,6769351134,9594747408,2026-06-28T15:11:00,119,Chowk Tower-2
CDR-00462,6566988397,7807849269,2026-06-28T15:58:00,333,Sarojini Nagar Tower-1
CDR-00463,6320110536,8918353735,2026-06-28T16:52:00,312,Hazratganj Tower-2
CDR-00464,7623833617,9335566778,2026-06-28T17:13:00,114,Charbagh Tower-5
CDR-00465,9935222511,9335566778,2026-06-28T17:32:00,93,Charbagh Tower-5
CDR-00466,9812345678,9839011122,2026-06-28T19:03:00,530,Indira Nagar Tower-1
CDR-00467,7127668507,6082191310,2026-06-28T20:04:00,106,Indira Nagar Tower-1
CDR-00468,7781973665,8882629596,2026-06-28T20:07:00,417,Sarojini Nagar Tower-1
CDR-00469,6878691940,9335566778,2026-06-28T20:24:00,113,Charbagh Tower-5
CDR-00470,9403255481,7519074461,2026-06-28T21:27:00,256,Vikas Nagar Tower-2
CDR-00471,6878691940,9335566778,2026-06-28T21:48:00,47,Charbagh Tower-5
CDR-00472,7649705456,6729303069,2026-06-28T22:23:00,104,Kaiserbagh Tower-1
CDR-00473,8673618335,8053333855,2026-06-29T07:39:00,544,Kaiserbagh Tower-1
CDR-00474,8664976681,6774082380,2026-06-29T08:01:00,649,Vibhuti Khand Tower-1
CDR-00475,7344312289,8946827309,2026-06-29T11:04:00,453,Charbagh Tower-5
CDR-00476,6180624059,9003561882,2026-06-29T11:15:00,349,Aminabad Tower-1
CDR-00477,7269305249,7327154194,2026-06-29T12:52:00,88,Kaiserbagh Tower-1
CDR-00478,7182641563,6993817317,2026-06-29T13:07:00,305,Chowk Tower-2
CDR-00479,8057121606,6122628228,2026-06-29T13:45:00,638,Gomti Nagar Tower-3
CDR-00480,8903314230,6175476092,2026-06-29T13:55:00,871,Mahanagar Tower-4
CDR-00481,9456789012,9415098765,2026-06-29T17:39:00,66,Aminabad Tower-1
CDR-00482,8341038325,6157952636,2026-06-29T17:42:00,344,Vibhuti Khand Tower-1
CDR-00483,8469565834,9335566778,2026-06-29T19:36:00,37,Charbagh Tower-5
CDR-00484,9483787046,7449086171,2026-06-29T20:30:00,684,Aminabad Tower-1
CDR-00485,9106340013,6784862405,2026-06-29T21:40:00,564,Indira Nagar Tower-1
CDR-00486,9593115499,8272093536,2026-06-29T22:24:00,38,Chowk Tower-2
CDR-00487,7150526853,7772683718,2026-06-30T07:18:00,238,Aminabad Tower-1
CDR-00488,7578391803,7737886341,2026-06-30T07:54:00,790,Aminabad Tower-1
CDR-00489,6769351134,8782394566,2026-06-30T08:32:00,676,Chowk Tower-2
CDR-00490,8391457774,6641095798,2026-06-30T09:25:00,478,Chowk Tower-2
CDR-00491,9456789012,7007654321,2026-06-30T09:56:00,120,Charbagh Tower-5
CDR-00492,6324453016,8748435732,2026-06-30T10:47:00,860,Sarojini Nagar Tower-1
CDR-00493,8391457774,8873110260,2026-06-30T11:11:00,860,Chowk Tower-2
CDR-00494,8549824097,9200157358,2026-06-30T14:45:00,367,Chinhat Tower-1
CDR-00495,9670893222,6254222846,2026-06-30T18:17:00,744,Alambagh Tower-2
CDR-00496,8125877577,7279834996,2026-06-30T19:55:00,806,Alambagh Tower-2
CDR-00497,8558622127,8946827309,2026-06-30T21:37:00,606,Kaiserbagh Tower-1
CDR-00498,6572952645,7000278154,2026-06-30T22:07:00,617,Sarojini Nagar Tower-1
CDR-00499,9483787046,7091432445,2026-06-30T22:26:00,781,Aminabad Tower-1
CDR-00500,8878002896,8642784640,2026-07-01T08:11:00,44,Hazratganj Tower-2
CDR-00501,7623833617,9335566778,2026-07-01T09:25:00,58,Charbagh Tower-5
CDR-00502,9988001122,8126078466,2026-07-01T10:05:00,89,Vikas Nagar Tower-2
CDR-00503,9988001122,9873871971,2026-07-01T10:11:00,48,Vikas Nagar Tower-2
CDR-00504,9988001122,8068707468,2026-07-01T10:17:00,53,Vikas Nagar Tower-2
CDR-00505,9988001122,9120115633,2026-07-01T10:23:00,65,Vikas Nagar Tower-2
CDR-00506,9988001122,8430022990,2026-07-01T10:29:00,48,Vikas Nagar Tower-2
CDR-00507,9988001122,6175997550,2026-07-01T10:35:00,72,Vikas Nagar Tower-2
CDR-00508,6415451295,6963900640,2026-07-01T10:45:00,846,Chowk Tower-2
CDR-00509,9287117223,8732959914,2026-07-01T11:29:00,482,Vikas Nagar Tower-2
CDR-00510,7781973665,7191723565,2026-07-01T13:06:00,295,Sarojini Nagar Tower-1
CDR-00511,6116951443,9017725073,2026-07-01T13:20:00,86,Hazratganj Tower-2
CDR-00512,7628016674,7315038751,2026-07-01T13:48:00,883,Kaiserbagh Tower-1
CDR-00513,6273771053,6573365759,2026-07-01T14:37:00,339,Gomti Nagar Tower-3
CDR-00514,9388577938,9729657808,2026-07-01T15:45:00,574,Chowk Tower-2
CDR-00515,9388577938,8312738599,2026-07-01T17:36:00,332,Chowk Tower-2
CDR-00516,7589737189,8405365806,2026-07-01T18:57:00,205,Chowk Tower-2
CDR-00517,9812345678,9839011122,2026-07-01T19:07:00,222,Indira Nagar Tower-1
CDR-00518,8444897666,8234582647,2026-07-01T20:28:00,849,Aminabad Tower-1
CDR-00519,8430990138,9504949440,2026-07-01T20:33:00,772,Indira Nagar Tower-1
CDR-00520,8164067469,6122628228,2026-07-01T20:46:00,277,Chinhat Tower-1
CDR-00521,9051750496,9985491690,2026-07-01T22:14:00,200,Kaiserbagh Tower-1
CDR-00522,9900112233,9335566778,2026-07-01T22:48:00,106,Alambagh Tower-2
CDR-00523,9812345678,7309876543,2026-07-02T08:00:00,92,Indira Nagar Tower-1
CDR-00524,7538985796,6451864322,2026-07-02T09:42:00,148,Vikas Nagar Tower-2
CDR-00525,6568330958,9729657808,2026-07-02T10:29:00,561,Mahanagar Tower-4
CDR-00526,7798611474,7231160492,2026-07-02T10:56:00,597,Charbagh Tower-5
CDR-00527,8862043729,7767636849,2026-07-02T11:13:00,716,Aminabad Tower-1
CDR-00528,7185168564,7514290906,2026-07-02T12:47:00,184,Sarojini Nagar Tower-1
CDR-00529,6036593292,8546104722,2026-07-02T12:59:00,321,Chowk Tower-2
CDR-00530,9940212475,9061228902,2026-07-02T13:07:00,697,Charbagh Tower-5
CDR-00531,7470955636,9245147718,2026-07-02T14:50:00,420,Chowk Tower-2
CDR-00532,9204766826,9192611985,2026-07-02T15:32:00,896,Alambagh Tower-2
CDR-00533,8886168045,8235112204,2026-07-02T19:38:00,507,Hazratganj Tower-2
CDR-00534,7628016674,9061228902,2026-07-02T22:17:00,354,Kaiserbagh Tower-1
CDR-00535,8802355324,6784862405,2026-07-03T07:23:00,106,Vibhuti Khand Tower-1
CDR-00536,8661821295,7091383307,2026-07-03T07:46:00,108,Gomti Nagar Tower-3
CDR-00537,9940212475,9107899557,2026-07-03T08:59:00,676,Charbagh Tower-5
CDR-00538,9403255481,9839412593,2026-07-03T09:54:00,764,Vikas Nagar Tower-2
CDR-00539,9287117223,9794459979,2026-07-03T09:55:00,631,Vikas Nagar Tower-2
CDR-00540,9748501757,7402811060,2026-07-03T10:54:00,600,Mahanagar Tower-4
CDR-00541,9204766826,6629947054,2026-07-03T14:51:00,501,Alambagh Tower-2
CDR-00542,8164067469,7990003347,2026-07-03T15:19:00,600,Chinhat Tower-1
CDR-00543,6116951443,9716560386,2026-07-03T16:54:00,690,Hazratganj Tower-2
CDR-00544,9403255481,9486264151,2026-07-03T17:05:00,772,Vikas Nagar Tower-2
CDR-00545,8589401085,7315038751,2026-07-03T17:53:00,158,Charbagh Tower-5
CDR-00546,6240899798,7529714506,2026-07-03T18:57:00,241,Indira Nagar Tower-1
CDR-00547,9940212475,8047797343,2026-07-03T19:57:00,731,Charbagh Tower-5
CDR-00548,9786839654,6664275980,2026-07-03T22:11:00,224,Mahanagar Tower-4
CDR-00549,8027665639,6621847145,2026-07-04T07:22:00,658,Mahanagar Tower-4
CDR-00550,7815260768,7016331250,2026-07-04T09:06:00,771,Chinhat Tower-1
CDR-00551,9235309679,9533909303,2026-07-04T09:39:00,457,Hazratganj Tower-2
CDR-00552,6022979097,7845621681,2026-07-04T10:13:00,296,Alambagh Tower-2
CDR-00553,7416348671,7091432445,2026-07-04T11:25:00,499,Charbagh Tower-5
CDR-00554,8469565834,9335566778,2026-07-04T13:05:00,71,Charbagh Tower-5
CDR-00555,8512482501,6230784736,2026-07-04T15:32:00,385,Vikas Nagar Tower-2
CDR-00556,9746082838,6188242204,2026-07-04T17:30:00,779,Chowk Tower-2
CDR-00557,8205282605,7990003347,2026-07-04T18:46:00,193,Indira Nagar Tower-1
CDR-00558,9812345678,9839011122,2026-07-04T19:43:00,203,Indira Nagar Tower-1
CDR-00559,7360890915,7325937373,2026-07-04T21:09:00,72,Vikas Nagar Tower-2
CDR-00560,7559568502,9347269221,2026-07-05T07:11:00,704,Kaiserbagh Tower-1
CDR-00561,7798611474,8782394566,2026-07-05T08:11:00,277,Charbagh Tower-5
CDR-00562,6222197719,7669528662,2026-07-05T09:06:00,311,Charbagh Tower-5
CDR-00563,6222197719,6175476092,2026-07-05T09:44:00,520,Charbagh Tower-5
CDR-00564,7300690675,9494994551,2026-07-05T11:06:00,488,Charbagh Tower-5
CDR-00565,7344312289,8529737392,2026-07-05T11:55:00,633,Charbagh Tower-5
CDR-00566,6415451295,8639700697,2026-07-05T12:20:00,601,Chowk Tower-2
CDR-00567,7170065503,9360638495,2026-07-05T15:09:00,896,Indira Nagar Tower-1
CDR-00568,9456789012,9415098765,2026-07-05T17:00:00,153,Aminabad Tower-1
CDR-00569,6892930801,6081005037,2026-07-05T17:14:00,317,Aliganj Tower-3
CDR-00570,6805873352,6033952081,2026-07-05T20:40:00,851,Vikas Nagar Tower-2
CDR-00571,9900112233,9335566778,2026-07-05T22:56:00,100,Alambagh Tower-2
CDR-00572,9456789012,7007654321,2026-07-06T09:56:00,115,Charbagh Tower-5
CDR-00573,8450778136,6230784736,2026-07-06T10:58:00,574,Indira Nagar Tower-1
CDR-00574,9812345678,9618631113,2026-07-06T11:05:00,336,Indira Nagar Tower-1
CDR-00575,7170065503,7271524409,2026-07-06T11:31:00,151,Indira Nagar Tower-1
CDR-00576,8840012345,9618631113,2026-07-06T12:05:00,145,Indira Nagar Tower-1
CDR-00577,7276844091,9892292906,2026-07-06T12:51:00,543,Aminabad Tower-1
CDR-00578,9812345678,9618631113,2026-07-06T13:05:00,228,Indira Nagar Tower-1
CDR-00579,6428000733,7231160492,2026-07-06T13:38:00,847,Alambagh Tower-2
CDR-00580,6745805285,7529657632,2026-07-06T16:02:00,222,Alambagh Tower-2
CDR-00581,6438286655,9271059192,2026-07-06T17:26:00,866,Vibhuti Khand Tower-1
CDR-00582,7649705456,8710490168,2026-07-06T17:55:00,203,Kaiserbagh Tower-1
CDR-00583,6685425389,9630474543,2026-07-06T18:10:00,806,Hazratganj Tower-2
CDR-00584,7300690675,7930924664,2026-07-06T20:42:00,119,Charbagh Tower-5
CDR-00585,7815260768,8585932472,2026-07-06T20:58:00,738,Chinhat Tower-1
CDR-00586,7505324417,8784640487,2026-07-06T21:58:00,621,Vikas Nagar Tower-2
CDR-00587,8362645802,6033952081,2026-07-06T22:24:00,539,Charbagh Tower-5
CDR-00588,6180624059,9670706591,2026-07-06T22:35:00,90,Aminabad Tower-1
CDR-00589,7478673666,9486264151,2026-07-07T07:54:00,890,Mahanagar Tower-4
CDR-00590,8451680897,6489264872,2026-07-07T07:54:00,128,Aminabad Tower-1
CDR-00591,6223651659,9433614939,2026-07-07T08:15:00,325,Hazratganj Tower-2
CDR-00592,9483787046,7279834996,2026-07-07T08:43:00,737,Aminabad Tower-1
CDR-00593,8027665639,6450390265,2026-07-07T09:17:00,760,Mahanagar Tower-4
CDR-00594,6273771053,6122628228,2026-07-07T09:22:00,58,Gomti Nagar Tower-3
CDR-00595,9257771553,8585932472,2026-07-07T11:16:00,867,Chinhat Tower-1
CDR-00596,8093128879,6629947054,2026-07-07T12:32:00,889,Kaiserbagh Tower-1
CDR-00597,9451234567,9812345678,2026-07-07T13:54:00,189,Mahanagar Tower-4
CDR-00598,8840012345,9618631113,2026-07-07T14:05:00,285,Indira Nagar Tower-1
CDR-00599,9014280388,9605730126,2026-07-07T14:57:00,166,Vikas Nagar Tower-2
CDR-00600,8830947027,6243893548,2026-07-07T15:34:00,884,Chowk Tower-2
CDR-00601,6036593292,9594747408,2026-07-07T16:09:00,289,Chowk Tower-2
CDR-00602,9365055197,9812347335,2026-07-07T18:06:00,316,Charbagh Tower-5
CDR-00603,7798611474,6784998702,2026-07-07T19:30:00,621,Charbagh Tower-5
CDR-00604,9812345678,9839011122,2026-07-07T19:54:00,538,Indira Nagar Tower-1
CDR-00605,8450778136,9039828649,2026-07-07T21:12:00,308,Indira Nagar Tower-1
CDR-00606,8878002896,9948065474,2026-07-08T07:12:00,617,Hazratganj Tower-2
CDR-00607,8903314230,7402811060,2026-07-08T07:31:00,423,Mahanagar Tower-4
CDR-00608,7227601074,8598039358,2026-07-08T07:33:00,169,Chowk Tower-2
CDR-00609,7276844091,6238096763,2026-07-08T08:38:00,349,Aminabad Tower-1
CDR-00610,9812345678,7309876543,2026-07-08T08:44:00,105,Indira Nagar Tower-1
CDR-00611,8862043729,7157442415,2026-07-08T09:11:00,434,Aminabad Tower-1
CDR-00612,7269305249,8927766971,2026-07-08T12:19:00,205,Kaiserbagh Tower-1
CDR-00613,6116951443,8906920873,2026-07-08T13:32:00,705,Hazratganj Tower-2
CDR-00614,7150526853,9433614939,2026-07-08T13:53:00,60,Aminabad Tower-1
CDR-00615,6428000733,7126001950,2026-07-08T15:05:00,607,Alambagh Tower-2
CDR-00616,7313330850,6784998702,2026-07-08T15:37:00,621,Hazratganj Tower-2
CDR-00617,7700947059,9451962676,2026-07-08T16:34:00,492,Aminabad Tower-1
CDR-00618,9388577938,6573365759,2026-07-08T19:09:00,19,Chowk Tower-2
CDR-00619,8125877577,7067918233,2026-07-08T20:00:00,88,Alambagh Tower-2
CDR-00620,8661821295,9369688297,2026-07-08T20:56:00,361,Gomti Nagar Tower-3
CDR-00621,7182641563,6218892710,2026-07-08T21:04:00,688,Chowk Tower-2
CDR-00622,6370941328,7904344107,2026-07-08T22:44:00,667,Kaiserbagh Tower-1
CDR-00623,6446025310,9605483541,2026-07-09T08:03:00,808,Indira Nagar Tower-1
CDR-00624,8206117741,9798572911,2026-07-09T08:17:00,592,Chowk Tower-2
CDR-00625,8932608107,6451864322,2026-07-09T08:39:00,151,Chinhat Tower-1
CDR-00626,7227601074,9564111189,2026-07-09T10:25:00,563,Chowk Tower-2
CDR-00627,6415451295,9948065474,2026-07-09T10:39:00,292,Chowk Tower-2
CDR-00628,9935222511,9335566778,2026-07-09T10:54:00,82,Charbagh Tower-5
CDR-00629,6980453929,8359339117,2026-07-09T11:06:00,96,Chinhat Tower-1
CDR-00630,7478673666,8680254043,2026-07-09T11:37:00,566,Mahanagar Tower-4
CDR-00631,7997877471,8488870324,2026-07-09T14:28:00,122,Vibhuti Khand Tower-1
CDR-00632,6415451295,8639700697,2026-07-09T15:34:00,888,Chowk Tower-2
CDR-00633,8057121606,9729657808,2026-07-09T16:10:00,270,Gomti Nagar Tower-3
CDR-00634,8430990138,6664275980,2026-07-09T16:18:00,617,Indira Nagar Tower-1
CDR-00635,8512482501,6081005037,2026-07-09T19:04:00,697,Vikas Nagar Tower-2
CDR-00636,7815260768,6993817317,2026-07-09T20:50:00,829,Chinhat Tower-1
CDR-00637,7083910532,6218892710,2026-07-09T21:11:00,616,Chinhat Tower-1
CDR-00638,7628016674,9017725073,2026-07-09T21:50:00,28,Kaiserbagh Tower-1
CDR-00639,9900112233,9335566778,2026-07-09T22:22:00,154,Alambagh Tower-2
CDR-00640,8802355324,6254222846,2026-07-09T22:25:00,525,Vibhuti Khand Tower-1
CDR-00641,7360890915,8251952631,2026-07-09T22:51:00,20,Vikas Nagar Tower-2
CDR-00642,6427135822,7811610551,2026-07-10T10:07:00,183,Sarojini Nagar Tower-1
CDR-00643,6428000733,6254222846,2026-07-10T12:12:00,150,Alambagh Tower-2
CDR-00644,8862043729,9039828649,2026-07-10T14:57:00,17,Aminabad Tower-1
CDR-00645,9687648814,6784862405,2026-07-10T15:39:00,670,Kaiserbagh Tower-1
CDR-00646,7313330850,6784998702,2026-07-10T17:16:00,87,Hazratganj Tower-2
CDR-00647,7734390122,8330261093,2026-07-10T18:08:00,442,Charbagh Tower-5
CDR-00648,9812345678,9839011122,2026-07-10T19:32:00,109,Indira Nagar Tower-1
CDR-00649,9635340963,9725143146,2026-07-10T21:24:00,46,Mahanagar Tower-4
CDR-00650,9596410272,9594747408,2026-07-10T22:40:00,766,Vikas Nagar Tower-2
CDR-00651,9403255481,6837909881,2026-07-11T07:32:00,799,Vikas Nagar Tower-2
CDR-00652,6553479583,8782394566,2026-07-11T07:40:00,45,Aminabad Tower-1
CDR-00653,6553479583,6948313189,2026-07-11T08:16:00,91,Aminabad Tower-1
CDR-00654,6240899798,9476743446,2026-07-11T09:21:00,478,Indira Nagar Tower-1
CDR-00655,7276844091,7696138052,2026-07-11T09:24:00,10,Aminabad Tower-1
CDR-00656,8430990138,8927766971,2026-07-11T09:53:00,733,Indira Nagar Tower-1
CDR-00657,7734390122,6621847145,2026-07-11T10:21:00,491,Charbagh Tower-5
CDR-00658,6745805285,8405365806,2026-07-11T10:23:00,201,Alambagh Tower-2
CDR-00659,6370941328,6613554490,2026-07-11T11:47:00,291,Kaiserbagh Tower-1
CDR-00660,8164067469,7325937373,2026-07-11T12:36:00,888,Chinhat Tower-1
CDR-00661,7940847439,7904344107,2026-07-11T12:44:00,349,Chowk Tower-2
CDR-00662,8932608107,9668870685,2026-07-11T15:09:00,377,Chinhat Tower-1
CDR-00663,9926979817,8605883214,2026-07-11T15:20:00,562,Aminabad Tower-1
CDR-00664,8125877577,7016331250,2026-07-11T15:21:00,244,Alambagh Tower-2
CDR-00665,8174052984,9866583917,2026-07-11T15:33:00,471,Charbagh Tower-5
CDR-00666,7083910532,6779917439,2026-07-11T16:35:00,478,Chinhat Tower-1
CDR-00667,7997877471,9967953355,2026-07-11T17:02:00,510,Vibhuti Khand Tower-1
CDR-00668,9456789012,9415098765,2026-07-11T17:35:00,155,Aminabad Tower-1
CDR-00669,7416348671,6354292542,2026-07-11T17:37:00,154,Charbagh Tower-5
CDR-00670,7997877471,8275123595,2026-07-11T19:13:00,396,Vibhuti Khand Tower-1
CDR-00671,6519258811,8251952631,2026-07-12T07:04:00,463,Mahanagar Tower-4
CDR-00672,9235309679,7950661520,2026-07-12T07:34:00,860,Hazratganj Tower-2
CDR-00673,7478673666,7273029606,2026-07-12T08:47:00,402,Mahanagar Tower-4
CDR-00674,6320110536,7529714506,2026-07-12T09:38:00,392,Hazratganj Tower-2
CDR-00675,8551587713,8179489678,2026-07-12T09:40:00,500,Mahanagar Tower-4
CDR-00676,9456789012,7007654321,2026-07-12T09:54:00,75,Charbagh Tower-5
CDR-00677,6332353542,7127537230,2026-07-12T10:04:00,160,Alambagh Tower-2
CDR-00678,6694995585,7767296871,2026-07-12T10:17:00,744,Alambagh Tower-2
CDR-00679,8551587713,9605730126,2026-07-12T11:12:00,557,Mahanagar Tower-4
CDR-00680,8093128879,7527068109,2026-07-12T12:17:00,756,Kaiserbagh Tower-1
CDR-00681,7255653843,7402811060,2026-07-12T13:04:00,791,Vibhuti Khand Tower-1
CDR-00682,7538985796,8787905406,2026-07-12T13:28:00,517,Vikas Nagar Tower-2
CDR-00683,6764792786,6321324975,2026-07-12T15:08:00,248,Kaiserbagh Tower-1
CDR-00684,7127668507,7529714506,2026-07-12T15:29:00,339,Indira Nagar Tower-1
CDR-00685,9615589021,7035602748,2026-07-12T17:46:00,384,Mahanagar Tower-4
CDR-00686,8430990138,8017842269,2026-07-12T18:39:00,128,Indira Nagar Tower-1
CDR-00687,9432127964,9003561882,2026-07-12T19:05:00,514,Vibhuti Khand Tower-1
CDR-00688,6553479583,8906672645,2026-07-12T19:09:00,835,Aminabad Tower-1
CDR-00689,9615589021,6041801369,2026-07-12T19:13:00,518,Mahanagar Tower-4
CDR-00690,6694995585,9562148662,2026-07-12T19:57:00,652,Alambagh Tower-2
CDR-00691,6605997818,7446784969,2026-07-12T20:08:00,348,Indira Nagar Tower-1
CDR-00692,6036593292,6340849048,2026-07-12T20:30:00,772,Chowk Tower-2
CDR-00693,7194598177,9335566778,2026-07-12T20:50:00,52,Charbagh Tower-5
CDR-00694,7628016674,7067918233,2026-07-12T21:00:00,656,Kaiserbagh Tower-1
CDR-00695,6370941328,9714948284,2026-07-12T22:44:00,339,Kaiserbagh Tower-1
CDR-00696,8341038325,9714948284,2026-07-13T09:45:00,151,Vibhuti Khand Tower-1
CDR-00697,9988001122,9276021903,2026-07-13T10:05:00,58,Vikas Nagar Tower-2
CDR-00698,9988001122,9350405713,2026-07-13T10:11:00,23,Vikas Nagar Tower-2
CDR-00699,9988001122,9874090432,2026-07-13T10:17:00,21,Vikas Nagar Tower-2
CDR-00700,9988001122,8236813026,2026-07-13T10:23:00,64,Vikas Nagar Tower-2
CDR-00701,9988001122,7111328664,2026-07-13T10:29:00,51,Vikas Nagar Tower-2
CDR-00702,9988001122,7953538693,2026-07-13T10:35:00,57,Vikas Nagar Tower-2
CDR-00703,9988001122,7128307055,2026-07-13T10:41:00,78,Vikas Nagar Tower-2
CDR-00704,9988001122,9900083695,2026-07-13T10:47:00,52,Vikas Nagar Tower-2
CDR-00705,9319251867,6157952636,2026-07-13T12:11:00,800,Charbagh Tower-5
CDR-00706,8830947027,7549070886,2026-07-13T13:26:00,66,Chowk Tower-2
CDR-00707,7470955636,7490043565,2026-07-13T14:40:00,820,Chowk Tower-2
CDR-00708,7649705456,9175033792,2026-07-13T14:55:00,130,Kaiserbagh Tower-1
CDR-00709,6240899798,9729657808,2026-07-13T16:36:00,643,Indira Nagar Tower-1
CDR-00710,6116951443,7160967216,2026-07-13T16:45:00,132,Hazratganj Tower-2
CDR-00711,7835212427,9533909303,2026-07-13T18:38:00,854,Vibhuti Khand Tower-1
CDR-00712,8549824097,8680254043,2026-07-13T18:57:00,418,Chinhat Tower-1
CDR-00713,8864386036,6218892710,2026-07-13T19:00:00,83,Chinhat Tower-1
CDR-00714,6222197719,9347269221,2026-07-13T19:31:00,333,Charbagh Tower-5
CDR-00715,9262340097,7322751805,2026-07-13T19:32:00,585,Chowk Tower-2
CDR-00716,9812345678,9839011122,2026-07-13T19:55:00,276,Indira Nagar Tower-1
CDR-00717,8174052984,6475715049,2026-07-13T21:07:00,470,Charbagh Tower-5
CDR-00718,9900112233,9335566778,2026-07-13T22:21:00,136,Alambagh Tower-2
CDR-00719,8430990138,9486264151,2026-07-13T22:49:00,434,Indira Nagar Tower-1
CDR-00720,7031055601,7345093184,2026-07-14T07:15:00,726,Chowk Tower-2
CDR-00721,7291434062,9142631499,2026-07-14T07:42:00,767,Vikas Nagar Tower-2
CDR-00722,6640137205,8464920055,2026-07-14T08:23:00,403,Charbagh Tower-5
CDR-00723,9812345678,7309876543,2026-07-14T08:41:00,117,Indira Nagar Tower-1
CDR-00724,9447572774,9892292906,2026-07-14T09:57:00,848,Hazratganj Tower-2
CDR-00725,7276844091,6451864322,2026-07-14T12:21:00,332,Aminabad Tower-1
CDR-00726,8362645802,8143315272,2026-07-14T13:26:00,153,Charbagh Tower-5
CDR-00727,9635340963,7160967216,2026-07-14T13:37:00,744,Mahanagar Tower-4
CDR-00728,6415451295,8090557631,2026-07-14T14:04:00,614,Chowk Tower-2
CDR-00729,9319251867,6609198129,2026-07-14T14:40:00,709,Charbagh Tower-5
CDR-00730,9008786366,9794459979,2026-07-14T15:33:00,569,Mahanagar Tower-4
CDR-00731,7700947059,8430179594,2026-07-14T18:23:00,674,Aminabad Tower-1
CDR-00732,8878002896,7788687914,2026-07-15T07:32:00,75,Hazratganj Tower-2
CDR-00733,8035321311,9934567687,2026-07-15T08:52:00,669,Alambagh Tower-2
CDR-00734,9687648814,8305561539,2026-07-15T10:56:00,68,Kaiserbagh Tower-1
CDR-00735,6685425389,8275123595,2026-07-15T12:12:00,898,Hazratganj Tower-2
CDR-00736,6022979097,9866583917,2026-07-15T12:25:00,787,Alambagh Tower-2
CDR-00737,7723201439,8639700697,2026-07-15T13:00:00,307,Chinhat Tower-1
CDR-00738,7860140885,6784862405,2026-07-15T20:40:00,602,Charbagh Tower-5
CDR-00739,6222197719,8927766971,2026-07-15T20:51:00,890,Charbagh Tower-5
CDR-00740,9204766826,9192611985,2026-07-15T20:51:00,325,Alambagh Tower-2
CDR-00741,6897921229,7000278154,2026-07-15T21:19:00,330,Sarojini Nagar Tower-1
CDR-00742,7723201439,9820418672,2026-07-16T08:23:00,41,Chinhat Tower-1
CDR-00743,6764792786,6437229124,2026-07-16T10:01:00,898,Kaiserbagh Tower-1
CDR-00744,7538985796,6236834051,2026-07-16T11:13:00,85,Vikas Nagar Tower-2
CDR-00745,9451234567,9812345678,2026-07-16T13:42:00,202,Mahanagar Tower-4
CDR-00746,7505324417,7402811060,2026-07-16T14:44:00,80,Vikas Nagar Tower-2
CDR-00747,8966422603,8946827309,2026-07-16T14:51:00,12,Chinhat Tower-1
CDR-00748,8878002896,6535146630,2026-07-16T14:54:00,714,Hazratganj Tower-2
CDR-00749,9008786366,9605483541,2026-07-16T15:52:00,185,Mahanagar Tower-4
CDR-00750,7300690675,8906920873,2026-07-16T16:09:00,241,Charbagh Tower-5
CDR-00751,8122165622,6646709042,2026-07-16T17:18:00,470,Alambagh Tower-2
CDR-00752,6640137205,6642079575,2026-07-16T17:51:00,408,Charbagh Tower-5
CDR-00753,8862043729,8430179594,2026-07-16T18:38:00,411,Aminabad Tower-1
CDR-00754,9812345678,9839011122,2026-07-16T19:01:00,249,Indira Nagar Tower-1
CDR-00755,6023238414,8787905406,2026-07-16T19:34:00,286,Sarojini Nagar Tower-1
CDR-00756,7649705456,7446784969,2026-07-16T19:43:00,652,Kaiserbagh Tower-1
CDR-00757,8802355324,8638279247,2026-07-16T20:45:00,381,Vibhuti Khand Tower-1
CDR-00758,7694743992,6291749574,2026-07-16T21:24:00,30,Sarojini Nagar Tower-1
CDR-00759,7505324417,7251054307,2026-07-17T07:14:00,800,Vikas Nagar Tower-2
CDR-00760,7076539435,8430179594,2026-07-17T13:10:00,75,Alambagh Tower-2
CDR-00761,8397806769,9934567687,2026-07-17T14:01:00,808,Vibhuti Khand Tower-1
CDR-00762,8698603119,6243893548,2026-07-17T16:09:00,251,Vibhuti Khand Tower-1
CDR-00763,6320110536,9003561882,2026-07-17T17:01:00,142,Hazratganj Tower-2
CDR-00764,7448119675,9466799901,2026-07-17T17:08:00,530,Vibhuti Khand Tower-1
CDR-00765,9456789012,9415098765,2026-07-17T17:08:00,150,Aminabad Tower-1
CDR-00766,9635340963,6629947054,2026-07-17T17:18:00,45,Mahanagar Tower-4
CDR-00767,7276844091,9630474543,2026-07-17T20:31:00,360,Aminabad Tower-1
CDR-00768,6116951443,8163362928,2026-07-17T20:43:00,892,Hazratganj Tower-2
CDR-00769,9596410272,9197204378,2026-07-17T21:01:00,566,Vikas Nagar Tower-2
CDR-00770,9988001122,9839011122,2026-07-17T21:10:00,181,Vikas Nagar Tower-2
CDR-00771,7182641563,8251952631,2026-07-17T21:16:00,504,Chowk Tower-2
CDR-00772,8862043729,7788687914,2026-07-17T22:20:00,276,Aminabad Tower-1
CDR-00773,9900112233,9335566778,2026-07-17T22:39:00,65,Alambagh Tower-2
CDR-00774,6370941328,6955212314,2026-07-18T08:06:00,151,Kaiserbagh Tower-1
CDR-00775,8698603119,6243893548,2026-07-18T09:25:00,99,Vibhuti Khand Tower-1
CDR-00776,9456789012,7007654321,2026-07-18T09:48:00,107,Charbagh Tower-5
CDR-00777,7735834181,7529714506,2026-07-18T10:13:00,403,Chinhat Tower-1
CDR-00778,9432127964,9985491690,2026-07-18T10:54:00,86,Vibhuti Khand Tower-1
CDR-00779,7897036482,8251952631,2026-07-18T13:12:00,765,Chinhat Tower-1
CDR-00780,6324453016,8746894221,2026-07-18T15:47:00,625,Sarojini Nagar Tower-1
CDR-00781,9935222511,9335566778,2026-07-18T18:53:00,92,Charbagh Tower-5
CDR-00782,7416348671,7279834996,2026-07-18T19:17:00,789,Charbagh Tower-5
CDR-00783,6446025310,9892292906,2026-07-18T20:21:00,755,Indira Nagar Tower-1
CDR-00784,7031055601,9865364639,2026-07-18T20:32:00,352,Chowk Tower-2
CDR-00785,6427135822,9142631499,2026-07-18T21:23:00,787,Sarojini Nagar Tower-1
CDR-00786,7578391803,6475715049,2026-07-19T07:16:00,88,Aminabad Tower-1
CDR-00787,8122165622,6081005037,2026-07-19T07:32:00,18,Alambagh Tower-2
CDR-00788,7416348671,8047797343,2026-07-19T07:49:00,636,Charbagh Tower-5
CDR-00789,9365055197,7726926839,2026-07-19T07:57:00,589,Charbagh Tower-5
CDR-00790,9746082838,8642784640,2026-07-19T08:25:00,617,Chowk Tower-2
CDR-00791,8512482501,8598039358,2026-07-19T10:37:00,104,Vikas Nagar Tower-2
CDR-00792,8830947027,6334259395,2026-07-19T12:08:00,260,Chowk Tower-2
CDR-00793,7642258009,7149358291,2026-07-19T12:52:00,466,Gomti Nagar Tower-3
CDR-00794,9314436589,6334259395,2026-07-19T13:20:00,514,Hazratganj Tower-2
CDR-00795,8122165622,6062100610,2026-07-19T13:59:00,695,Alambagh Tower-2
CDR-00796,7723201439,9994883744,2026-07-19T14:01:00,361,Chinhat Tower-1
CDR-00797,9204766826,7807849269,2026-07-19T14:20:00,853,Alambagh Tower-2
CDR-00798,9316688491,6593773966,2026-07-19T14:45:00,432,Vikas Nagar Tower-2
CDR-00799,9403255481,6001380741,2026-07-19T16:45:00,656,Vikas Nagar Tower-2
CDR-00800,6438286655,9433614939,2026-07-19T17:36:00,234,Vibhuti Khand Tower-1
CDR-00801,9109252478,6334259395,2026-07-19T17:49:00,275,Indira Nagar Tower-1
CDR-00802,8469565834,9335566778,2026-07-19T17:57:00,69,Charbagh Tower-5
CDR-00803,9812345678,9839011122,2026-07-19T19:43:00,387,Indira Nagar Tower-1
CDR-00804,6817795662,6729303069,2026-07-19T21:15:00,435,Vibhuti Khand Tower-1
CDR-00805,8035321311,7038250475,2026-07-19T21:58:00,534,Alambagh Tower-2
CDR-00806,9746082838,8464920055,2026-07-20T07:42:00,292,Chowk Tower-2
CDR-00807,8122165622,6560929013,2026-07-20T07:47:00,466,Alambagh Tower-2
CDR-00808,9812345678,7309876543,2026-07-20T08:46:00,122,Indira Nagar Tower-1
CDR-00809,8903314230,9263533300,2026-07-20T12:44:00,797,Mahanagar Tower-4
CDR-00810,9365055197,6691258218,2026-07-20T12:54:00,40,Charbagh Tower-5
CDR-00811,9670893222,7157442415,2026-07-20T13:25:00,435,Alambagh Tower-2
CDR-00812,9014280388,7002942788,2026-07-20T13:51:00,492,Vikas Nagar Tower-2
CDR-00813,9235309679,9434909002,2026-07-20T14:39:00,172,Hazratganj Tower-2
CDR-00814,6897921229,8710003324,2026-07-20T14:52:00,416,Sarojini Nagar Tower-1
CDR-00815,7897036482,7407690592,2026-07-20T18:08:00,648,Chinhat Tower-1
CDR-00816,9596410272,9865364639,2026-07-20T18:10:00,769,Vikas Nagar Tower-2
CDR-00817,6037318260,7315038751,2026-07-20T19:24:00,384,Sarojini Nagar Tower-1
CDR-00818,8451680897,9794459979,2026-07-20T19:59:00,207,Aminabad Tower-1
CDR-00819,9790019944,6955212314,2026-07-20T20:08:00,258,Indira Nagar Tower-1
CDR-00820,9235309679,8528654908,2026-07-20T20:19:00,265,Hazratganj Tower-2
CDR-00821,7589737189,8234582647,2026-07-20T20:57:00,823,Chowk Tower-2
CDR-00822,8451680897,9433614939,2026-07-20T21:16:00,881,Aminabad Tower-1
CDR-00823,9926979817,6784862405,2026-07-20T22:13:00,93,Aminabad Tower-1
CDR-00824,7694743992,8275123595,2026-07-21T09:04:00,692,Sarojini Nagar Tower-1
CDR-00825,6598443495,6041801369,2026-07-21T10:24:00,825,Gomti Nagar Tower-3
CDR-00826,7659919105,9362549250,2026-07-21T11:49:00,84,Vikas Nagar Tower-2
CDR-00827,9890081862,8464920055,2026-07-21T12:42:00,900,Charbagh Tower-5
CDR-00828,6609395435,9466799901,2026-07-21T13:09:00,441,Chowk Tower-2
CDR-00829,9786839654,6629832364,2026-07-21T14:26:00,53,Mahanagar Tower-4
CDR-00830,8430990138,9934567687,2026-07-21T17:49:00,72,Indira Nagar Tower-1
CDR-00831,7940847439,6016030321,2026-07-21T18:30:00,607,Chowk Tower-2
CDR-00832,7470955636,6767920988,2026-07-21T20:06:00,835,Chowk Tower-2
CDR-00833,7642258009,9061228902,2026-07-21T20:51:00,722,Gomti Nagar Tower-3
CDR-00834,6023238414,9289505349,2026-07-21T21:22:00,534,Sarojini Nagar Tower-1
CDR-00835,8391457774,9794459979,2026-07-21T21:50:00,443,Chowk Tower-2
CDR-00836,7781973665,9430631184,2026-07-21T22:31:00,61,Sarojini Nagar Tower-1
CDR-00837,9900112233,9335566778,2026-07-21T22:54:00,214,Alambagh Tower-2
CDR-00838,7185168564,6354292542,2026-07-22T08:26:00,61,Sarojini Nagar Tower-1
CDR-00839,7815260768,9430631184,2026-07-22T08:36:00,214,Chinhat Tower-1
CDR-00840,9365055197,8251952631,2026-07-22T09:46:00,26,Charbagh Tower-5
CDR-00841,7470955636,7036246230,2026-07-22T10:46:00,22,Chowk Tower-2
CDR-00842,9109252478,7275684396,2026-07-22T11:48:00,121,Indira Nagar Tower-1
CDR-00843,8035321311,7669528662,2026-07-22T12:58:00,680,Alambagh Tower-2
CDR-00844,9593115499,6354292542,2026-07-22T14:00:00,831,Chowk Tower-2
CDR-00845,6980453929,7215368769,2026-07-22T14:06:00,323,Chinhat Tower-1
CDR-00846,9204766826,6238096763,2026-07-22T14:21:00,657,Alambagh Tower-2
CDR-00847,7815260768,8964006739,2026-07-22T14:22:00,150,Chinhat Tower-1
CDR-00848,9790019944,8275123595,2026-07-22T16:02:00,531,Indira Nagar Tower-1
CDR-00849,7505324417,6019544044,2026-07-22T16:43:00,804,Vikas Nagar Tower-2
CDR-00850,9319251867,6685251139,2026-07-22T16:50:00,422,Charbagh Tower-5
CDR-00851,8830947027,6254222846,2026-07-22T17:28:00,771,Chowk Tower-2
CDR-00852,6805873352,8137181224,2026-07-22T18:42:00,23,Vikas Nagar Tower-2
CDR-00853,9812345678,9839011122,2026-07-22T19:29:00,213,Indira Nagar Tower-1
CDR-00854,6240899798,7990003347,2026-07-22T19:43:00,195,Indira Nagar Tower-1
CDR-00855,6036593292,6784862405,2026-07-22T21:09:00,842,Chowk Tower-2
CDR-00856,6568330958,8163362928,2026-07-22T21:56:00,655,Mahanagar Tower-4
CDR-00857,7835212427,6303257914,2026-07-22T22:54:00,500,Vibhuti Khand Tower-1
CDR-00858,8756732853,6218892710,2026-07-23T08:14:00,188,Sarojini Nagar Tower-1
CDR-00859,8013780200,9200157358,2026-07-23T09:34:00,712,Sarojini Nagar Tower-1
CDR-00860,6943080948,8906920873,2026-07-23T10:22:00,757,Gomti Nagar Tower-3
CDR-00861,8164067469,7601924376,2026-07-23T11:29:00,140,Chinhat Tower-1
CDR-00862,7538985796,6698200955,2026-07-23T12:27:00,339,Vikas Nagar Tower-2
CDR-00863,9109252478,9200157358,2026-07-23T12:32:00,133,Indira Nagar Tower-1
CDR-00864,7694743992,7449086171,2026-07-23T12:44:00,30,Sarojini Nagar Tower-1
CDR-00865,9593115499,6837909881,2026-07-23T14:09:00,615,Chowk Tower-2
CDR-00866,8362645802,8771698231,2026-07-23T16:55:00,15,Charbagh Tower-5
CDR-00867,9456789012,9415098765,2026-07-23T17:30:00,45,Aminabad Tower-1
CDR-00868,8125877577,6236834051,2026-07-23T19:01:00,94,Alambagh Tower-2
CDR-00869,8907273755,6664275980,2026-07-23T19:05:00,177,Aliganj Tower-3
CDR-00870,9670893222,8312738599,2026-07-23T19:13:00,413,Alambagh Tower-2
CDR-00871,6223651659,7527068109,2026-07-23T19:57:00,199,Hazratganj Tower-2
CDR-00872,6598443495,6957652582,2026-07-23T21:01:00,96,Gomti Nagar Tower-3
CDR-00873,7628016674,9245147718,2026-07-24T07:14:00,749,Kaiserbagh Tower-1
CDR-00874,8206117741,8782394566,2026-07-24T07:49:00,635,Chowk Tower-2
CDR-00875,9596410272,8137181224,2026-07-24T07:51:00,322,Vikas Nagar Tower-2
CDR-00876,7538985796,6340849048,2026-07-24T07:53:00,327,Vikas Nagar Tower-2
CDR-00877,9456789012,7007654321,2026-07-24T09:36:00,87,Charbagh Tower-5
CDR-00878,6332353542,7025032791,2026-07-24T13:28:00,475,Alambagh Tower-2
CDR-00879,9287117223,8002934047,2026-07-24T13:43:00,643,Vikas Nagar Tower-2
CDR-00880,9563143821,7529657632,2026-07-24T14:52:00,223,Kaiserbagh Tower-1
CDR-00881,8886168045,7275684396,2026-07-24T15:12:00,596,Hazratganj Tower-2
CDR-00882,8936455224,8364869993,2026-07-24T15:48:00,569,Aliganj Tower-3
CDR-00883,9748501757,6698200955,2026-07-24T16:29:00,243,Mahanagar Tower-4
CDR-00884,6222197719,8906920873,2026-07-24T18:50:00,636,Charbagh Tower-5
CDR-00885,8966422603,7535745413,2026-07-24T19:05:00,352,Chinhat Tower-1
CDR-00886,9935222511,9335566778,2026-07-24T19:22:00,71,Charbagh Tower-5
CDR-00887,7628016674,6230784736,2026-07-24T19:47:00,614,Kaiserbagh Tower-1
CDR-00888,9335566778,9935222511,2026-07-24T20:04:00,36,Chowk Tower-2
CDR-00889,9335566778,7623833617,2026-07-24T20:12:00,16,Chowk Tower-2
CDR-00890,9335566778,8469565834,2026-07-24T20:20:00,24,Chowk Tower-2
CDR-00891,9335566778,6807707256,2026-07-24T20:28:00,55,Chowk Tower-2
CDR-00892,9335566778,7194598177,2026-07-24T20:36:00,17,Chowk Tower-2
CDR-00893,9335566778,6878691940,2026-07-24T20:44:00,53,Chowk Tower-2
CDR-00894,9335566778,9935222511,2026-07-24T20:52:00,49,Chowk Tower-2
CDR-00895,9335566778,7623833617,2026-07-24T21:00:00,59,Chowk Tower-2
CDR-00896,9335566778,8469565834,2026-07-24T21:08:00,19,Chowk Tower-2
CDR-00897,9204766826,6610603446,2026-07-24T21:47:00,265,Alambagh Tower-2
CDR-00898,6519258811,7231160492,2026-07-24T22:21:00,266,Mahanagar Tower-4
CDR-00899,7255653843,8235112204,2026-07-25T07:33:00,159,Vibhuti Khand Tower-1
CDR-00900,9314436589,7696138052,2026-07-25T08:10:00,376,Hazratganj Tower-2
CDR-00901,7781973665,8364869993,2026-07-25T08:36:00,388,Sarojini Nagar Tower-1
CDR-00902,9635340963,8831331141,2026-07-25T09:50:00,823,Mahanagar Tower-4
CDR-00903,8125877577,7666050234,2026-07-25T10:02:00,706,Alambagh Tower-2
CDR-00904,9988001122,9380028050,2026-07-25T10:05:00,48,Vikas Nagar Tower-2
CDR-00905,9988001122,9301772359,2026-07-25T10:11:00,57,Vikas Nagar Tower-2
CDR-00906,9988001122,6777465952,2026-07-25T10:17:00,63,Vikas Nagar Tower-2
CDR-00907,9988001122,8455076773,2026-07-25T10:23:00,37,Vikas Nagar Tower-2
CDR-00908,9850177961,6238096763,2026-07-25T10:25:00,244,Sarojini Nagar Tower-1
CDR-00909,9988001122,7037095118,2026-07-25T10:29:00,90,Vikas Nagar Tower-2
CDR-00910,9988001122,6582837939,2026-07-25T10:35:00,26,Vikas Nagar Tower-2
CDR-00911,9988001122,7955948379,2026-07-25T10:41:00,42,Vikas Nagar Tower-2
CDR-00912,9988001122,8660851023,2026-07-25T10:47:00,60,Vikas Nagar Tower-2
CDR-00913,9812345678,9852901494,2026-07-25T11:05:00,378,Indira Nagar Tower-1
CDR-00914,8840012345,9852901494,2026-07-25T12:05:00,387,Indira Nagar Tower-1
CDR-00915,9812345678,9852901494,2026-07-25T13:05:00,254,Indira Nagar Tower-1
CDR-00916,7538985796,6340849048,2026-07-25T13:42:00,697,Vikas Nagar Tower-2
CDR-00917,9451234567,9812345678,2026-07-25T13:44:00,85,Mahanagar Tower-4
CDR-00918,8093128879,7322751805,2026-07-25T13:45:00,766,Kaiserbagh Tower-1
CDR-00919,7589737189,7036246230,2026-07-25T13:48:00,827,Chowk Tower-2
CDR-00920,8589401085,6062100610,2026-07-25T14:10:00,550,Charbagh Tower-5
CDR-00921,7538985796,7727776720,2026-07-25T14:22:00,708,Vikas Nagar Tower-2
CDR-00922,8341038325,6729303069,2026-07-25T15:03:00,400,Vibhuti Khand Tower-1
CDR-00923,8093128879,6199928373,2026-07-25T18:20:00,394,Kaiserbagh Tower-1
CDR-00924,9812345678,9839011122,2026-07-25T19:42:00,392,Indira Nagar Tower-1
CDR-00925,9748501757,6993817317,2026-07-25T20:17:00,297,Mahanagar Tower-4
CDR-00926,8451680897,6560929013,2026-07-25T20:22:00,178,Aminabad Tower-1
CDR-00927,6805873352,6243893548,2026-07-25T20:39:00,810,Vikas Nagar Tower-2
CDR-00928,9900112233,9335566778,2026-07-25T22:19:00,113,Alambagh Tower-2
CDR-00929,7815260768,8918353735,2026-07-25T22:25:00,565,Chinhat Tower-1
CDR-00930,9988001122,9900112233,2026-07-25T22:40:00,164,Vikas Nagar Tower-2
CDR-00931,9687648814,6691941698,2026-07-25T22:50:00,438,Kaiserbagh Tower-1
CDR-00932,9812345678,7309876543,2026-07-26T08:31:00,86,Indira Nagar Tower-1
CDR-00933,9850177961,9605730126,2026-07-26T10:10:00,86,Sarojini Nagar Tower-1
CDR-00934,8549824097,8882629596,2026-07-26T12:00:00,359,Chinhat Tower-1
CDR-00935,8271031012,9605483541,2026-07-26T13:02:00,896,Hazratganj Tower-2
CDR-00936,6243182576,7002942788,2026-07-26T13:29:00,130,Mahanagar Tower-4
CDR-00937,7578391803,8095569828,2026-07-26T13:30:00,748,Aminabad Tower-1
CDR-00938,6808248219,7807849269,2026-07-26T13:35:00,65,Mahanagar Tower-4
CDR-00939,6320110536,9798572911,2026-07-26T13:59:00,50,Hazratganj Tower-2
CDR-00940,8840012345,9852901494,2026-07-26T14:05:00,253,Indira Nagar Tower-1
CDR-00941,6180624059,8746894221,2026-07-26T14:48:00,262,Aminabad Tower-1
CDR-00942,7897036482,8184221785,2026-07-26T16:27:00,868,Chinhat Tower-1
CDR-00943,7835212427,7091432445,2026-07-26T17:00:00,97,Vibhuti Khand Tower-1
CDR-00944,8013780200,6646709042,2026-07-26T17:36:00,303,Sarojini Nagar Tower-1
CDR-00945,6370941328,6629947054,2026-07-26T18:52:00,676,Kaiserbagh Tower-1
CDR-00946,9403255481,8746894221,2026-07-26T21:59:00,811,Vikas Nagar Tower-2
CDR-00947,6685425389,7767636849,2026-07-26T22:10:00,686,Hazratganj Tower-2
CDR-00948,7997877471,6925538631,2026-07-27T08:42:00,104,Vibhuti Khand Tower-1
CDR-00949,7407446786,7091383307,2026-07-27T09:08:00,322,Sarojini Nagar Tower-1
CDR-00950,9593115499,7904344107,2026-07-27T12:00:00,483,Chowk Tower-2
CDR-00951,6519258811,7845621681,2026-07-27T12:21:00,152,Mahanagar Tower-4
CDR-00952,8205282605,7036246230,2026-07-27T12:34:00,593,Indira Nagar Tower-1
CDR-00953,9051750496,9114222105,2026-07-27T12:51:00,760,Kaiserbagh Tower-1
CDR-00954,6694995585,7737886341,2026-07-27T14:38:00,61,Alambagh Tower-2
CDR-00955,7700947059,7279834996,2026-07-27T15:55:00,842,Aminabad Tower-1
CDR-00956,7815260768,7616498311,2026-07-27T17:49:00,519,Chinhat Tower-1
CDR-00957,8936455224,9541008704,2026-07-27T18:13:00,615,Aliganj Tower-3
CDR-00958,6116951443,8488870324,2026-07-27T18:55:00,438,Hazratganj Tower-2
CDR-00959,6694995585,8262676770,2026-07-27T19:06:00,626,Alambagh Tower-2
CDR-00960,6745805285,8529737392,2026-07-27T19:51:00,517,Alambagh Tower-2
CDR-00961,7470955636,7882833956,2026-07-27T20:35:00,19,Chowk Tower-2
CDR-00962,9596410272,8784640487,2026-07-27T20:48:00,158,Vikas Nagar Tower-2
CDR-00963,7628016674,6963900640,2026-07-27T21:27:00,399,Kaiserbagh Tower-1
CDR-00964,6568330958,9630474543,2026-07-27T21:55:00,516,Mahanagar Tower-4
CDR-00965,8551587713,7737886341,2026-07-28T07:42:00,363,Mahanagar Tower-4
CDR-00966,7735834181,8946827309,2026-07-28T08:18:00,897,Chinhat Tower-1
CDR-00967,6180624059,8211326111,2026-07-28T09:59:00,850,Aminabad Tower-1
CDR-00968,6324453016,8407736105,2026-07-28T10:30:00,861,Sarojini Nagar Tower-1
CDR-00969,9257771553,7271524409,2026-07-28T12:19:00,356,Chinhat Tower-1
CDR-00970,9615589021,9794459979,2026-07-28T13:29:00,649,Mahanagar Tower-4
CDR-00971,9008786366,7990003347,2026-07-28T14:40:00,271,Mahanagar Tower-4
CDR-00972,9314436589,9360638495,2026-07-28T14:44:00,280,Hazratganj Tower-2
CDR-00973,6222197719,7810236311,2026-07-28T15:16:00,578,Charbagh Tower-5
CDR-00974,9746082838,9061228902,2026-07-28T16:54:00,857,Chowk Tower-2
CDR-00975,8013780200,6784998702,2026-07-28T17:18:00,582,Sarojini Nagar Tower-1
CDR-00976,7313330850,6184487415,2026-07-28T18:32:00,237,Hazratganj Tower-2
CDR-00977,7360890915,7133368054,2026-07-28T18:47:00,520,Vikas Nagar Tower-2
CDR-00978,8206117741,8639700697,2026-07-28T18:49:00,28,Chowk Tower-2
CDR-00979,6980453929,6767920988,2026-07-28T19:11:00,644,Chinhat Tower-1
CDR-00980,9812345678,9839011122,2026-07-28T19:26:00,554,Indira Nagar Tower-1
CDR-00981,9447572774,6881881093,2026-07-28T20:53:00,112,Hazratganj Tower-2
CDR-00982,8814093348,6963900640,2026-07-28T21:06:00,174,Hazratganj Tower-2
CDR-00983,6805873352,8423244633,2026-07-28T21:41:00,279,Vikas Nagar Tower-2
CDR-00984,9316688491,6243893548,2026-07-28T22:16:00,561,Vikas Nagar Tower-2
CDR-00985,7642258009,8163362928,2026-07-28T22:39:00,412,Gomti Nagar Tower-3
CDR-00986,7723201439,9039828649,2026-07-29T07:37:00,627,Chinhat Tower-1
CDR-00987,7860140885,8090557631,2026-07-29T08:09:00,406,Charbagh Tower-5
CDR-00988,6694995585,7315038751,2026-07-29T09:02:00,330,Alambagh Tower-2
CDR-00989,8362645802,7193700113,2026-07-29T10:16:00,414,Charbagh Tower-5
CDR-00990,6598443495,9866583917,2026-07-29T11:42:00,600,Gomti Nagar Tower-3
CDR-00991,8512482501,8464920055,2026-07-29T16:56:00,838,Vikas Nagar Tower-2
CDR-00992,8093128879,9894627539,2026-07-29T17:03:00,419,Kaiserbagh Tower-1
CDR-00993,9456789012,9415098765,2026-07-29T17:26:00,66,Aminabad Tower-1
CDR-00994,7255653843,6060542402,2026-07-29T20:26:00,258,Vibhuti Khand Tower-1
CDR-00995,8661821295,9192611985,2026-07-29T21:51:00,542,Gomti Nagar Tower-3
CDR-00996,9900112233,9335566778,2026-07-29T22:08:00,155,Alambagh Tower-2
CDR-00997,9456789012,7007654321,2026-07-30T09:17:00,116,Charbagh Tower-5
CDR-00998,9432127964,7811610551,2026-07-30T09:20:00,626,Vibhuti Khand Tower-1
CDR-00999,8164067469,9714948284,2026-07-30T10:24:00,884,Chinhat Tower-1
CDR-01000,7360890915,7674592542,2026-07-30T11:46:00,743,Vikas Nagar Tower-2
CDR-01001,7194598177,9335566778,2026-07-30T11:56:00,116,Charbagh Tower-5
CDR-01002,7185168564,8330261093,2026-07-30T12:16:00,122,Sarojini Nagar Tower-1
CDR-01003,7127668507,7544177008,2026-07-30T15:09:00,103,Indira Nagar Tower-1
CDR-01004,6605997818,7666050234,2026-07-30T17:11:00,374,Indira Nagar Tower-1
CDR-01005,7031055601,6082191310,2026-07-30T17:23:00,148,Chowk Tower-2
CDR-01006,7897036482,7544177008,2026-07-30T18:35:00,809,Chinhat Tower-1
CDR-01007,8907273755,6646709042,2026-07-30T22:27:00,859,Aliganj Tower-3
CDR-01008,7860140885,7127537230,2026-07-31T08:12:00,67,Charbagh Tower-5
CDR-01009,7416348671,7345093184,2026-07-31T10:42:00,576,Charbagh Tower-5
CDR-01010,6892930801,6082191310,2026-07-31T14:20:00,838,Aliganj Tower-3
CDR-01011,8661821295,9716560386,2026-07-31T14:23:00,748,Gomti Nagar Tower-3
CDR-01012,6980453929,9922242419,2026-07-31T14:53:00,623,Chinhat Tower-1
CDR-01013,7578391803,7000278154,2026-07-31T15:44:00,590,Aminabad Tower-1
CDR-01014,9748501757,7991081351,2026-07-31T18:09:00,856,Mahanagar Tower-4
CDR-01015,9812345678,9839011122,2026-07-31T19:16:00,216,Indira Nagar Tower-1
CDR-01016,7623833617,9335566778,2026-07-31T19:57:00,31,Charbagh Tower-5
CDR-01017,6745805285,7091432445,2026-07-31T20:09:00,535,Alambagh Tower-2
CDR-01018,7150526853,7529714506,2026-07-31T20:32:00,501,Aminabad Tower-1
CDR-01019,9314436589,6807538931,2026-07-31T22:37:00,563,Hazratganj Tower-2
CDR-01020,6897921229,9114222105,2026-08-01T08:19:00,667,Sarojini Nagar Tower-1
CDR-01021,9812345678,7309876543,2026-08-01T08:21:00,119,Indira Nagar Tower-1
CDR-01022,8551587713,7527068109,2026-08-01T09:28:00,456,Mahanagar Tower-4
CDR-01023,6023238414,6897026754,2026-08-01T10:05:00,470,Sarojini Nagar Tower-1
CDR-01024,9287117223,8047797343,2026-08-01T11:06:00,333,Vikas Nagar Tower-2
CDR-01025,7835212427,9865364639,2026-08-01T15:14:00,40,Vibhuti Khand Tower-1
CDR-01026,9926979817,8517404108,2026-08-01T15:58:00,53,Aminabad Tower-1
CDR-01027,6332353542,9362549250,2026-08-01T20:45:00,654,Alambagh Tower-2
CDR-01028,9008786366,6475715049,2026-08-01T22:43:00,44,Mahanagar Tower-4
CDR-01029,7659919105,7669528662,2026-08-02T07:21:00,819,Vikas Nagar Tower-2
CDR-01030,6805873352,7446784969,2026-08-02T11:06:00,110,Vikas Nagar Tower-2
CDR-01031,9483787046,8644053916,2026-08-02T11:06:00,670,Aminabad Tower-1
CDR-01032,6605997818,9605730126,2026-08-02T12:17:00,174,Indira Nagar Tower-1
CDR-01033,7940847439,9605730126,2026-08-02T12:28:00,866,Chowk Tower-2
CDR-01034,8174052984,7930924664,2026-08-02T12:33:00,631,Charbagh Tower-5
CDR-01035,9204766826,9263533300,2026-08-02T12:55:00,804,Alambagh Tower-2
CDR-01036,6598443495,7067918233,2026-08-02T14:28:00,384,Gomti Nagar Tower-3
CDR-01037,9695181635,7273029606,2026-08-02T16:05:00,271,Vibhuti Khand Tower-1
CDR-01038,8907273755,6254222846,2026-08-02T17:48:00,341,Aliganj Tower-3
CDR-01039,7276844091,8598039358,2026-08-02T18:16:00,669,Aminabad Tower-1
CDR-01040,9287117223,9430631184,2026-08-02T19:09:00,189,Vikas Nagar Tower-2
CDR-01041,7182641563,6175476092,2026-08-02T21:45:00,207,Chowk Tower-2
CDR-01042,8756732853,9934567687,2026-08-02T22:04:00,565,Sarojini Nagar Tower-1
CDR-01043,9900112233,9335566778,2026-08-02T22:27:00,209,Alambagh Tower-2
CDR-01044,6446025310,7928138895,2026-08-03T07:45:00,463,Indira Nagar Tower-1
CDR-01045,6415451295,8710490168,2026-08-03T08:30:00,602,Chowk Tower-2
CDR-01046,9109252478,9419068153,2026-08-03T09:40:00,629,Indira Nagar Tower-1
CDR-01047,9748501757,7788687914,2026-08-03T09:44:00,450,Mahanagar Tower-4
CDR-01048,9670893222,8918353735,2026-08-03T10:44:00,339,Alambagh Tower-2
CDR-01049,6764792786,7449086171,2026-08-03T11:08:00,630,Kaiserbagh Tower-1
CDR-01050,8907273755,6254222846,2026-08-03T11:15:00,638,Aliganj Tower-3
CDR-01051,6180624059,6646709042,2026-08-03T12:03:00,593,Aminabad Tower-1
CDR-01052,9451234567,9812345678,2026-08-03T13:00:00,267,Mahanagar Tower-4
CDR-01053,6240899798,6613554490,2026-08-03T13:04:00,87,Indira Nagar Tower-1
CDR-01054,6240899798,9114222105,2026-08-03T15:55:00,319,Indira Nagar Tower-1
CDR-01055,9695181635,7271524409,2026-08-03T16:20:00,381,Vibhuti Khand Tower-1
CDR-01056,7269305249,8656539248,2026-08-03T17:00:00,538,Kaiserbagh Tower-1
CDR-01057,7326260514,7035602748,2026-08-03T19:04:00,706,Hazratganj Tower-2
CDR-01058,9812345678,9839011122,2026-08-03T19:20:00,514,Indira Nagar Tower-1
CDR-01059,6609395435,7000278154,2026-08-03T20:47:00,412,Chowk Tower-2
CDR-01060,7076539435,7327154194,2026-08-04T08:10:00,339,Alambagh Tower-2
CDR-01061,7269305249,9668870685,2026-08-04T10:00:00,813,Kaiserbagh Tower-1
CDR-01062,8830947027,8906920873,2026-08-04T11:06:00,526,Chowk Tower-2
CDR-01063,9596410272,8644053916,2026-08-04T14:48:00,377,Vikas Nagar Tower-2
CDR-01064,7448119675,7036246230,2026-08-04T14:52:00,69,Vibhuti Khand Tower-1
CDR-01065,7940847439,6646709042,2026-08-04T15:55:00,670,Chowk Tower-2
CDR-01066,8664976681,9839412593,2026-08-04T16:30:00,34,Vibhuti Khand Tower-1
CDR-01067,7031055601,7449086171,2026-08-04T17:07:00,679,Chowk Tower-2
CDR-01068,9456789012,9415098765,2026-08-04T17:11:00,76,Aminabad Tower-1
CDR-01069,9218094809,6629832364,2026-08-04T17:15:00,585,Vikas Nagar Tower-2
CDR-01070,9262340097,6321324975,2026-08-04T17:34:00,159,Chowk Tower-2
CDR-01071,7416348671,8868488737,2026-08-04T17:41:00,881,Charbagh Tower-5
CDR-01072,8835659947,6081005037,2026-08-04T21:16:00,134,Vibhuti Khand Tower-1
CDR-01073,8430990138,8517404108,2026-08-04T21:24:00,550,Indira Nagar Tower-1
CDR-01074,8558622127,9820022835,2026-08-04T21:39:00,339,Kaiserbagh Tower-1
CDR-01075,7185168564,6664790245,2026-08-04T22:02:00,54,Sarojini Nagar Tower-1
CDR-01076,8862043729,8918353735,2026-08-05T07:14:00,245,Aminabad Tower-1
CDR-01077,9456789012,7007654321,2026-08-05T09:02:00,43,Charbagh Tower-5
CDR-01078,8835659947,7002942788,2026-08-05T09:50:00,78,Vibhuti Khand Tower-1
CDR-01079,9365055197,7345093184,2026-08-05T10:08:00,717,Charbagh Tower-5
CDR-01080,7182641563,9794459979,2026-08-05T12:49:00,783,Chowk Tower-2
CDR-01081,9204766826,7772683718,2026-08-05T13:39:00,214,Alambagh Tower-2
CDR-01082,9786839654,9594747408,2026-08-05T13:56:00,122,Mahanagar Tower-4
CDR-01083,6427135822,9347269221,2026-08-05T15:33:00,319,Sarojini Nagar Tower-1
CDR-01084,6370941328,9197204378,2026-08-05T15:48:00,383,Kaiserbagh Tower-1
CDR-01085,6320110536,7215368769,2026-08-05T16:14:00,371,Hazratganj Tower-2
CDR-01086,7798611474,6188242204,2026-08-05T18:27:00,629,Charbagh Tower-5
CDR-01087,9365055197,9559316688,2026-08-05T19:18:00,355,Charbagh Tower-5
CDR-01088,7659919105,8430179594,2026-08-05T19:19:00,697,Vikas Nagar Tower-2
CDR-01089,7700947059,7160967216,2026-08-05T20:21:00,17,Aminabad Tower-1
CDR-01090,8903314230,9451962676,2026-08-06T07:41:00,762,Mahanagar Tower-4
CDR-01091,6685425389,8407736105,2026-08-06T08:57:00,136,Hazratganj Tower-2
CDR-01092,6878691940,9335566778,2026-08-06T09:26:00,35,Charbagh Tower-5
CDR-01093,9257771553,7244100623,2026-08-06T09:43:00,811,Chinhat Tower-1
CDR-01094,9988001122,6896001550,2026-08-06T10:05:00,40,Vikas Nagar Tower-2
CDR-01095,9988001122,6061761917,2026-08-06T10:11:00,28,Vikas Nagar Tower-2
CDR-01096,9988001122,8926662302,2026-08-06T10:17:00,31,Vikas Nagar Tower-2
CDR-01097,9988001122,6008390653,2026-08-06T10:23:00,55,Vikas Nagar Tower-2
CDR-01098,9988001122,8569711471,2026-08-06T10:29:00,38,Vikas Nagar Tower-2
CDR-01099,9988001122,9763727851,2026-08-06T10:35:00,76,Vikas Nagar Tower-2
CDR-01100,9988001122,7091866597,2026-08-06T10:41:00,87,Vikas Nagar Tower-2
CDR-01101,9748501757,7527068109,2026-08-06T12:08:00,259,Mahanagar Tower-4
CDR-01102,8397806769,6317774491,2026-08-06T13:02:00,350,Vibhuti Khand Tower-1
CDR-01103,9365055197,6784862405,2026-08-06T14:40:00,855,Charbagh Tower-5
CDR-01104,7940847439,9271059192,2026-08-06T16:25:00,828,Chowk Tower-2
CDR-01105,9319251867,7930924664,2026-08-06T16:27:00,192,Charbagh Tower-5
CDR-01106,8698603119,8359339117,2026-08-06T18:44:00,171,Vibhuti Khand Tower-1
CDR-01107,8673618335,9446293690,2026-08-06T19:36:00,894,Kaiserbagh Tower-1
CDR-01108,9812345678,9839011122,2026-08-06T19:49:00,302,Indira Nagar Tower-1
CDR-01109,9403255481,7244100623,2026-08-06T20:15:00,564,Vikas Nagar Tower-2
CDR-01110,9790019944,7043849865,2026-08-06T20:37:00,735,Indira Nagar Tower-1
CDR-01111,7735834181,8851644969,2026-08-06T20:40:00,304,Chinhat Tower-1
CDR-01112,9988001122,9839011122,2026-08-06T21:10:00,307,Vikas Nagar Tower-2
CDR-01113,9900112233,9335566778,2026-08-06T22:07:00,137,Alambagh Tower-2
CDR-01114,9812345678,7309876543,2026-08-07T08:57:00,122,Indira Nagar Tower-1
CDR-01115,9109252478,9360638495,2026-08-07T10:32:00,275,Indira Nagar Tower-1
CDR-01116,6036593292,9486264151,2026-08-07T13:19:00,218,Chowk Tower-2
CDR-01117,7255653843,9794459979,2026-08-07T14:44:00,875,Vibhuti Khand Tower-1
CDR-01118,8271031012,7990003347,2026-08-07T15:08:00,303,Hazratganj Tower-2
CDR-01119,7505324417,6698200955,2026-08-07T16:15:00,885,Vikas Nagar Tower-2
CDR-01120,8664976681,7529657632,2026-08-07T16:22:00,374,Vibhuti Khand Tower-1
CDR-01121,6324453016,8585932472,2026-08-07T17:09:00,166,Sarojini Nagar Tower-1
CDR-01122,7649705456,6019544044,2026-08-07T18:08:00,117,Kaiserbagh Tower-1
CDR-01123,9638249972,7149358291,2026-08-07T18:48:00,663,Vibhuti Khand Tower-1
CDR-01124,6598443495,8477896097,2026-08-07T19:16:00,246,Gomti Nagar Tower-3
CDR-01125,6023238414,8405365806,2026-08-07T19:43:00,499,Sarojini Nagar Tower-1
CDR-01126,9204766826,6188242204,2026-08-07T20:44:00,302,Alambagh Tower-2
CDR-01127,7940847439,7157442415,2026-08-07T21:40:00,244,Chowk Tower-2
CDR-01128,6438286655,9369688297,2026-08-07T22:03:00,93,Vibhuti Khand Tower-1
CDR-01129,7407446786,8095569828,2026-08-07T22:11:00,148,Sarojini Nagar Tower-1
CDR-01130,7255653843,6642079575,2026-08-08T07:06:00,611,Vibhuti Khand Tower-1
CDR-01131,9308138819,7544177008,2026-08-08T09:45:00,274,Alambagh Tower-2
CDR-01132,6446025310,6948313189,2026-08-08T09:46:00,812,Indira Nagar Tower-1
CDR-01133,8756732853,8047797343,2026-08-08T11:38:00,186,Sarojini Nagar Tower-1
CDR-01134,9432127964,9192611985,2026-08-08T14:55:00,803,Vibhuti Khand Tower-1
CDR-01135,9635340963,9109659684,2026-08-08T16:32:00,632,Mahanagar Tower-4
CDR-01136,6438286655,9263533300,2026-08-08T18:18:00,216,Vibhuti Khand Tower-1
CDR-01137,7407446786,8275123595,2026-08-08T21:37:00,68,Sarojini Nagar Tower-1
CDR-01138,8341038325,9175033792,2026-08-09T07:16:00,495,Vibhuti Khand Tower-1
CDR-01139,9319251867,9820022835,2026-08-09T12:03:00,152,Charbagh Tower-5
CDR-01140,7313330850,7231160492,2026-08-09T12:31:00,40,Hazratganj Tower-2
CDR-01141,8512482501,8771698231,2026-08-09T13:04:00,304,Vikas Nagar Tower-2
CDR-01142,7578391803,6033952081,2026-08-09T15:55:00,884,Aminabad Tower-1
CDR-01143,8579617777,8047797343,2026-08-09T18:07:00,447,Sarojini Nagar Tower-1
CDR-01144,9812345678,9839011122,2026-08-09T19:35:00,110,Indira Nagar Tower-1
CDR-01145,6037318260,6218892710,2026-08-09T19:41:00,849,Sarojini Nagar Tower-1
CDR-01146,6694995585,8312738599,2026-08-09T19:43:00,253,Alambagh Tower-2
CDR-01147,8174052984,8423244633,2026-08-09T22:33:00,892,Charbagh Tower-5
CDR-01148,7313330850,7930924664,2026-08-10T08:00:00,710,Hazratganj Tower-2
CDR-01149,8903314230,7091432445,2026-08-10T08:39:00,159,Mahanagar Tower-4
CDR-01150,9008786366,6642079575,2026-08-10T09:32:00,76,Mahanagar Tower-4
CDR-01151,9748501757,6664275980,2026-08-10T10:45:00,647,Mahanagar Tower-4
CDR-01152,8205282605,6993817317,2026-08-10T11:25:00,837,Indira Nagar Tower-1
CDR-01153,8551587713,9419068153,2026-08-10T12:46:00,527,Mahanagar Tower-4
CDR-01154,8035321311,9702151516,2026-08-10T15:10:00,305,Alambagh Tower-2
CDR-01155,8878002896,8831331141,2026-08-10T17:09:00,274,Hazratganj Tower-2
CDR-01156,9456789012,9415098765,2026-08-10T17:12:00,52,Aminabad Tower-1
CDR-01157,6572952645,7514290906,2026-08-10T17:39:00,738,Sarojini Nagar Tower-1
CDR-01158,8698603119,9725143146,2026-08-10T18:43:00,510,Vibhuti Khand Tower-1
CDR-01159,9593115499,6424812661,2026-08-10T19:59:00,320,Chowk Tower-2
CDR-01160,8013780200,7002942788,2026-08-10T20:43:00,175,Sarojini Nagar Tower-1
CDR-01161,9786839654,9017725073,2026-08-10T22:15:00,888,Mahanagar Tower-4
CDR-01162,8835659947,9504949440,2026-08-10T22:35:00,94,Vibhuti Khand Tower-1
CDR-01163,9262340097,8017842269,2026-08-10T22:50:00,532,Chowk Tower-2
CDR-01164,9900112233,9335566778,2026-08-10T22:59:00,230,Alambagh Tower-2
CDR-01165,9014280388,9200157358,2026-08-11T07:45:00,479,Vikas Nagar Tower-2
CDR-01166,6553479583,9559316688,2026-08-11T08:41:00,42,Aminabad Tower-1
CDR-01167,7007336261,6845633289,2026-08-11T08:45:00,175,Chinhat Tower-1
CDR-01168,9456789012,7007654321,2026-08-11T09:38:00,31,Charbagh Tower-5
CDR-01169,9319251867,8234582647,2026-08-11T12:13:00,538,Charbagh Tower-5
CDR-01170,6568330958,9017725073,2026-08-11T14:43:00,232,Mahanagar Tower-4
CDR-01171,6943080948,8656539248,2026-08-11T15:18:00,707,Gomti Nagar Tower-3
CDR-01172,7127668507,8412566018,2026-08-11T15:57:00,221,Indira Nagar Tower-1
CDR-01173,7781973665,6784862405,2026-08-11T17:43:00,490,Sarojini Nagar Tower-1
CDR-01174,9316688491,7544177008,2026-08-11T18:05:00,331,Vikas Nagar Tower-2
CDR-01175,9593115499,8873110260,2026-08-11T18:45:00,323,Chowk Tower-2
CDR-01176,9593115499,7527068109,2026-08-11T19:47:00,751,Chowk Tower-2
CDR-01177,6805873352,8272093536,2026-08-11T19:53:00,32,Vikas Nagar Tower-2
CDR-01178,7344312289,7407690592,2026-08-11T20:12:00,201,Charbagh Tower-5
CDR-01179,8013780200,8656539248,2026-08-11T22:21:00,655,Sarojini Nagar Tower-1
CDR-01180,9106340013,6729303069,2026-08-11T22:45:00,443,Indira Nagar Tower-1
CDR-01181,6640137205,6317774491,2026-08-12T10:22:00,831,Charbagh Tower-5
CDR-01182,6943080948,7149358291,2026-08-12T11:47:00,857,Gomti Nagar Tower-3
CDR-01183,8864386036,7043849865,2026-08-12T12:55:00,704,Chinhat Tower-1
CDR-01184,9451234567,9812345678,2026-08-12T13:33:00,189,Mahanagar Tower-4
CDR-01185,6116951443,7767636849,2026-08-12T14:11:00,565,Hazratganj Tower-2
CDR-01186,7649705456,7251054307,2026-08-12T16:04:00,184,Kaiserbagh Tower-1
CDR-01187,6022979097,6837909881,2026-08-12T16:49:00,463,Alambagh Tower-2
CDR-01188,9935222511,9335566778,2026-08-12T17:04:00,29,Charbagh Tower-5
CDR-01189,8756732853,9865364639,2026-08-12T18:58:00,571,Sarojini Nagar Tower-1
CDR-01190,9850177961,6188242204,2026-08-12T19:27:00,548,Sarojini Nagar Tower-1
CDR-01191,9812345678,9839011122,2026-08-12T19:58:00,111,Indira Nagar Tower-1
CDR-01192,6370941328,8211326111,2026-08-12T21:18:00,141,Kaiserbagh Tower-1
CDR-01193,6273771053,7043849865,2026-08-12T22:06:00,227,Gomti Nagar Tower-3
CDR-01194,6807707256,9335566778,2026-08-12T23:24:00,56,Charbagh Tower-5
CDR-01195,9812345678,7309876543,2026-08-13T08:14:00,92,Indira Nagar Tower-1
CDR-01196,9790019944,9839412593,2026-08-13T08:43:00,473,Indira Nagar Tower-1
CDR-01197,9365055197,8089531066,2026-08-13T10:09:00,170,Charbagh Tower-5
CDR-01198,7815260768,6019544044,2026-08-13T10:57:00,239,Chinhat Tower-1
CDR-01199,8206117741,7772683718,2026-08-13T11:09:00,143,Chowk Tower-2
CDR-01200,9257771553,6450390265,2026-08-13T11:27:00,867,Chinhat Tower-1
CDR-01201,6980453929,7823292678,2026-08-13T13:32:00,318,Chinhat Tower-1
CDR-01202,9432127964,8405365806,2026-08-13T13:54:00,492,Vibhuti Khand Tower-1
CDR-01203,6640137205,6151693201,2026-08-13T14:03:00,858,Charbagh Tower-5
CDR-01204,6745805285,7529657632,2026-08-13T14:14:00,151,Alambagh Tower-2
CDR-01205,7031055601,6774082380,2026-08-13T15:22:00,257,Chowk Tower-2
CDR-01206,8814093348,8137385473,2026-08-13T15:34:00,38,Hazratganj Tower-2
CDR-01207,8907273755,9200157358,2026-08-13T15:59:00,822,Aliganj Tower-3
CDR-01208,8936455224,7193700113,2026-08-13T16:20:00,31,Aliganj Tower-3
CDR-01209,8886168045,9446293690,2026-08-13T16:33:00,835,Hazratganj Tower-2
CDR-01210,8450778136,9605483541,2026-08-13T17:37:00,329,Indira Nagar Tower-1
CDR-01211,8664976681,7928138895,2026-08-13T17:37:00,85,Vibhuti Khand Tower-1
CDR-01212,7276844091,8413005394,2026-08-13T17:43:00,520,Aminabad Tower-1
CDR-01213,7007336261,9626916156,2026-08-13T18:09:00,65,Chinhat Tower-1
CDR-01214,7734390122,8423244633,2026-08-13T18:49:00,63,Charbagh Tower-5
CDR-01215,6223651659,6096966722,2026-08-13T19:36:00,810,Hazratganj Tower-2
CDR-01216,7723201439,8782394566,2026-08-13T21:07:00,670,Chinhat Tower-1
CDR-01217,9935222511,9335566778,2026-08-13T21:28:00,20,Charbagh Tower-5
CDR-01218,9687648814,8710490168,2026-08-13T21:47:00,201,Kaiserbagh Tower-1
CDR-01219,7182641563,6691941698,2026-08-14T07:21:00,450,Chowk Tower-2
CDR-01220,7407446786,8529737392,2026-08-14T07:21:00,572,Sarojini Nagar Tower-1
CDR-01221,7076539435,8137181224,2026-08-14T07:23:00,14,Alambagh Tower-2
CDR-01222,6428000733,6671615495,2026-08-14T08:40:00,182,Alambagh Tower-2
CDR-01223,8093128879,6685251139,2026-08-14T09:50:00,185,Kaiserbagh Tower-1
CDR-01224,6320110536,9820022835,2026-08-14T11:29:00,728,Hazratganj Tower-2
CDR-01225,8057121606,6957652582,2026-08-14T12:36:00,413,Gomti Nagar Tower-3
CDR-01226,6036593292,7674592542,2026-08-14T13:02:00,353,Chowk Tower-2
CDR-01227,6243182576,7188754978,2026-08-14T13:27:00,95,Mahanagar Tower-4
CDR-01228,6566988397,6121877087,2026-08-14T13:54:00,93,Sarojini Nagar Tower-1
CDR-01229,6892930801,7038250475,2026-08-14T15:18:00,497,Aliganj Tower-3
CDR-01230,9748501757,8499281970,2026-08-14T15:35:00,140,Mahanagar Tower-4
CDR-01231,7538985796,7067918233,2026-08-14T17:01:00,341,Vikas Nagar Tower-2
CDR-01232,8397806769,7527068109,2026-08-14T17:11:00,422,Vibhuti Khand Tower-1
CDR-01233,8397806769,9670706591,2026-08-14T17:58:00,62,Vibhuti Khand Tower-1
CDR-01234,8027665639,6489264872,2026-08-14T18:40:00,539,Mahanagar Tower-4
CDR-01235,7478673666,9003561882,2026-08-14T20:55:00,23,Mahanagar Tower-4
CDR-01236,9900112233,9335566778,2026-08-14T22:02:00,84,Alambagh Tower-2
CDR-01237,9638249972,6685251139,2026-08-14T22:17:00,839,Vibhuti Khand Tower-1
CDR-01238,8864386036,6593773966,2026-08-15T07:50:00,714,Chinhat Tower-1
CDR-01239,6037318260,7823292678,2026-08-15T09:01:00,521,Sarojini Nagar Tower-1
CDR-01240,8756732853,8598039358,2026-08-15T11:21:00,131,Sarojini Nagar Tower-1
CDR-01241,8469565834,9335566778,2026-08-15T11:55:00,56,Charbagh Tower-5
CDR-01242,8936455224,8359339117,2026-08-15T13:32:00,515,Aliganj Tower-3
CDR-01243,8549824097,9988827856,2026-08-15T17:26:00,506,Chinhat Tower-1
CDR-01244,8174052984,8831331141,2026-08-15T19:18:00,522,Charbagh Tower-5
CDR-01245,9790019944,7162620724,2026-08-15T19:29:00,717,Indira Nagar Tower-1
CDR-01246,9812300456,9839011122,2026-08-15T19:37:00,579,Indira Nagar Tower-1
CDR-01247,7344312289,6303257914,2026-08-15T20:29:00,44,Charbagh Tower-5
CDR-01248,6507233216,8927766971,2026-08-15T20:48:00,599,Kaiserbagh Tower-1
CDR-01249,6609395435,6157952636,2026-08-15T20:54:00,678,Chowk Tower-2
CDR-01250,9790019944,6151693201,2026-08-15T21:02:00,581,Indira Nagar Tower-1
CDR-01251,9308138819,8868488737,2026-08-16T07:07:00,393,Alambagh Tower-2
CDR-01252,9563143821,7490043565,2026-08-16T07:29:00,740,Kaiserbagh Tower-1
CDR-01253,9748501757,6188242204,2026-08-16T08:14:00,845,Mahanagar Tower-4
CDR-01254,8013780200,6334259395,2026-08-16T08:50:00,609,Sarojini Nagar Tower-1
CDR-01255,9596410272,9438796492,2026-08-16T08:54:00,292,Vikas Nagar Tower-2
CDR-01256,7642258009,9668870685,2026-08-16T09:15:00,570,Gomti Nagar Tower-3
CDR-01257,9746082838,6254222846,2026-08-16T10:33:00,413,Chowk Tower-2
CDR-01258,7997877471,6354292542,2026-08-16T12:19:00,878,Vibhuti Khand Tower-1
CDR-01259,6764792786,9798572911,2026-08-16T12:45:00,775,Kaiserbagh Tower-1
CDR-01260,6817795662,8528654908,2026-08-16T12:48:00,17,Vibhuti Khand Tower-1
CDR-01261,8013780200,9446293690,2026-08-16T13:23:00,212,Sarojini Nagar Tower-1
CDR-01262,6605997818,6151693201,2026-08-16T16:40:00,407,Indira Nagar Tower-1
CDR-01263,7407446786,8598039358,2026-08-16T16:56:00,727,Sarojini Nagar Tower-1
CDR-01264,6324453016,8405365806,2026-08-16T17:09:00,682,Sarojini Nagar Tower-1
CDR-01265,9456789012,9415098765,2026-08-16T17:26:00,77,Aminabad Tower-1
CDR-01266,9638249972,9476743446,2026-08-16T18:27:00,321,Vibhuti Khand Tower-1
CDR-01267,6685425389,7446784969,2026-08-16T18:38:00,91,Hazratganj Tower-2
CDR-01268,8756732853,8499281970,2026-08-16T19:38:00,99,Sarojini Nagar Tower-1
CDR-01269,9670893222,8179489678,2026-08-16T19:53:00,76,Alambagh Tower-2
CDR-01270,9316688491,8906920873,2026-08-16T20:08:00,627,Vikas Nagar Tower-2
CDR-01271,8673618335,9541008704,2026-08-16T21:08:00,488,Kaiserbagh Tower-1
CDR-01272,9456789012,7007654321,2026-08-17T09:30:00,47,Charbagh Tower-5
CDR-01273,9204766826,7696138052,2026-08-17T09:37:00,868,Alambagh Tower-2
CDR-01274,7007336261,6560929013,2026-08-17T09:42:00,831,Chinhat Tower-1
CDR-01275,8125877577,9109659684,2026-08-17T10:10:00,217,Alambagh Tower-2
CDR-01276,8936455224,7930924664,2026-08-17T10:10:00,751,Aliganj Tower-3
CDR-01277,7940847439,8163362928,2026-08-17T11:46:00,635,Chowk Tower-2
CDR-01278,9593115499,6691941698,2026-08-17T12:04:00,251,Chowk Tower-2
CDR-01279,9615589021,7191723565,2026-08-17T12:07:00,633,Mahanagar Tower-4
CDR-01280,6116951443,8053333855,2026-08-17T12:48:00,439,Hazratganj Tower-2
CDR-01281,7150526853,9626916156,2026-08-17T13:04:00,630,Aminabad Tower-1
CDR-01282,9695181635,8095569828,2026-08-17T13:28:00,382,Vibhuti Khand Tower-1
CDR-01283,6568330958,6963900640,2026-08-17T14:41:00,734,Mahanagar Tower-4
CDR-01284,7478673666,6955212314,2026-08-17T15:28:00,340,Mahanagar Tower-4
CDR-01285,8164067469,7527068109,2026-08-17T17:27:00,352,Chinhat Tower-1
CDR-01286,9695181635,7244100623,2026-08-17T18:40:00,887,Vibhuti Khand Tower-1
CDR-01287,7344312289,8605883214,2026-08-17T20:15:00,759,Charbagh Tower-5
CDR-01288,9935222511,9335566778,2026-08-17T20:18:00,105,Charbagh Tower-5
CDR-01289,6415451295,9794459979,2026-08-17T22:40:00,391,Chowk Tower-2
CDR-01290,7313330850,9892292906,2026-08-18T07:21:00,894,Hazratganj Tower-2
CDR-01291,8756732853,6993817317,2026-08-18T08:58:00,862,Sarojini Nagar Tower-1
CDR-01292,9988001122,7424739637,2026-08-18T10:05:00,51,Vikas Nagar Tower-2
CDR-01293,9988001122,8786625989,2026-08-18T10:11:00,55,Vikas Nagar Tower-2
CDR-01294,9988001122,7501571253,2026-08-18T10:17:00,24,Vikas Nagar Tower-2
CDR-01295,9988001122,8674081226,2026-08-18T10:23:00,68,Vikas Nagar Tower-2
CDR-01296,9988001122,9334132331,2026-08-18T10:29:00,22,Vikas Nagar Tower-2
CDR-01297,9786839654,7823292678,2026-08-18T11:46:00,574,Mahanagar Tower-4
CDR-01298,6427135822,8488870324,2026-08-18T14:30:00,97,Sarojini Nagar Tower-1
CDR-01299,8057121606,6767920988,2026-08-18T14:36:00,703,Gomti Nagar Tower-3
CDR-01300,8512482501,9289505349,2026-08-18T14:43:00,225,Vikas Nagar Tower-2
CDR-01301,6878691940,9335566778,2026-08-18T15:47:00,75,Charbagh Tower-5
CDR-01302,9365055197,7149358291,2026-08-18T17:02:00,639,Charbagh Tower-5
CDR-01303,6892930801,9541008704,2026-08-18T18:17:00,635,Aliganj Tower-3
CDR-01304,9812300456,9839011122,2026-08-18T19:00:00,351,Indira Nagar Tower-1
CDR-01305,8397806769,7696138052,2026-08-18T19:54:00,248,Vibhuti Khand Tower-1
CDR-01306,7170065503,8017842269,2026-08-18T20:42:00,150,Indira Nagar Tower-1
CDR-01307,9900112233,9335566778,2026-08-18T22:38:00,236,Alambagh Tower-2
CDR-01308,9812300456,7309876543,2026-08-19T08:39:00,145,Indira Nagar Tower-1
CDR-01309,6769351134,7615248957,2026-08-19T09:26:00,483,Chowk Tower-2
CDR-01310,9432127964,9271059192,2026-08-19T10:34:00,545,Vibhuti Khand Tower-1
CDR-01311,6427135822,9451962676,2026-08-19T13:45:00,847,Sarojini Nagar Tower-1
CDR-01312,9204766826,9714948284,2026-08-19T16:12:00,303,Alambagh Tower-2
CDR-01313,8835659947,7549070886,2026-08-19T16:18:00,278,Vibhuti Khand Tower-1
CDR-01314,6609395435,9362549250,2026-08-19T17:05:00,608,Chowk Tower-2
CDR-01315,6446025310,8656539248,2026-08-19T19:17:00,169,Indira Nagar Tower-1
CDR-01316,7127668507,9820022835,2026-08-19T20:27:00,62,Indira Nagar Tower-1
CDR-01317,8512482501,6646709042,2026-08-19T20:29:00,701,Vikas Nagar Tower-2
CDR-01318,7734390122,8328768438,2026-08-19T20:55:00,371,Charbagh Tower-5
CDR-01319,6428000733,8964006739,2026-08-19T21:13:00,688,Alambagh Tower-2
CDR-01320,6640137205,6081005037,2026-08-19T21:55:00,187,Charbagh Tower-5
CDR-01321,7781973665,8918353735,2026-08-19T22:31:00,885,Sarojini Nagar Tower-1
CDR-01322,8057121606,9670706591,2026-08-19T22:43:00,745,Gomti Nagar Tower-3
CDR-01323,6808248219,6784998702,2026-08-20T07:14:00,359,Mahanagar Tower-4
CDR-01324,7448119675,6321324975,2026-08-20T08:00:00,455,Vibhuti Khand Tower-1
CDR-01325,6808248219,9339814820,2026-08-20T11:18:00,413,Mahanagar Tower-4
CDR-01326,6817795662,6230784736,2026-08-20T12:37:00,462,Vibhuti Khand Tower-1
CDR-01327,6745805285,7280768051,2026-08-20T12:41:00,276,Alambagh Tower-2
CDR-01328,8835659947,6334259395,2026-08-20T13:19:00,235,Vibhuti Khand Tower-1
CDR-01329,6036593292,9559316688,2026-08-20T14:13:00,398,Chowk Tower-2
CDR-01330,8551587713,7038250475,2026-08-20T15:59:00,66,Mahanagar Tower-4
CDR-01331,9670893222,7669528662,2026-08-20T16:06:00,899,Alambagh Tower-2
CDR-01332,8551587713,9192611985,2026-08-20T16:09:00,863,Mahanagar Tower-4
CDR-01333,9935222511,9335566778,2026-08-20T16:16:00,60,Charbagh Tower-5
CDR-01334,8512482501,6424812661,2026-08-20T18:14:00,706,Vikas Nagar Tower-2
CDR-01335,7007336261,8728386077,2026-08-20T18:24:00,748,Chinhat Tower-1
CDR-01336,9687648814,9839412593,2026-08-20T18:34:00,671,Kaiserbagh Tower-1
CDR-01337,9316688491,7067918233,2026-08-20T20:03:00,345,Vikas Nagar Tower-2
CDR-01338,7723201439,6354292542,2026-08-20T20:34:00,434,Chinhat Tower-1
CDR-01339,6332254767,7251054307,2026-08-20T20:54:00,25,Kaiserbagh Tower-1
CDR-01340,6415451295,9725143146,2026-08-21T09:02:00,80,Chowk Tower-2
CDR-01341,9014280388,6199928373,2026-08-21T09:11:00,716,Vikas Nagar Tower-2
CDR-01342,6428000733,8359339117,2026-08-21T10:53:00,197,Alambagh Tower-2
CDR-01343,6598443495,9794459979,2026-08-21T11:33:00,364,Gomti Nagar Tower-3
CDR-01344,6805873352,7025032791,2026-08-21T11:53:00,661,Vikas Nagar Tower-2
CDR-01345,6320110536,7279834996,2026-08-21T13:08:00,136,Hazratganj Tower-2
CDR-01346,9451234567,9812300456,2026-08-21T13:49:00,66,Mahanagar Tower-4
CDR-01347,7589737189,9486264151,2026-08-21T14:15:00,372,Chowk Tower-2
CDR-01348,7030655000,9594747408,2026-08-21T14:50:00,43,Kaiserbagh Tower-1
CDR-01349,8430990138,8251952631,2026-08-21T15:10:00,712,Indira Nagar Tower-1
CDR-01350,9432127964,9305513327,2026-08-21T15:59:00,900,Vibhuti Khand Tower-1
CDR-01351,9670893222,9362549250,2026-08-21T16:42:00,617,Alambagh Tower-2
CDR-01352,9615589021,9626916156,2026-08-21T17:27:00,510,Mahanagar Tower-4
CDR-01353,9812300456,9839011122,2026-08-21T19:23:00,404,Indira Nagar Tower-1
CDR-01354,9335566778,9935222511,2026-08-21T20:04:00,44,Chowk Tower-2
CDR-01355,9335566778,7623833617,2026-08-21T20:12:00,38,Chowk Tower-2
CDR-01356,9335566778,8469565834,2026-08-21T20:20:00,23,Chowk Tower-2
CDR-01357,9335566778,6807707256,2026-08-21T20:28:00,18,Chowk Tower-2
CDR-01358,9335566778,7194598177,2026-08-21T20:36:00,39,Chowk Tower-2
CDR-01359,9335566778,6878691940,2026-08-21T20:44:00,31,Chowk Tower-2
CDR-01360,9335566778,9935222511,2026-08-21T20:52:00,25,Chowk Tower-2
CDR-01361,9335566778,7623833617,2026-08-21T21:00:00,29,Chowk Tower-2
CDR-01362,9335566778,8469565834,2026-08-21T21:08:00,60,Chowk Tower-2
CDR-01363,7735834181,6081005037,2026-08-21T22:11:00,863,Chinhat Tower-1
CDR-01364,6764792786,8831331141,2026-08-21T22:24:00,769,Kaiserbagh Tower-1
CDR-01365,7798611474,9486264151,2026-08-21T22:50:00,821,Charbagh Tower-5
CDR-01366,8673618335,7275684396,2026-08-22T07:35:00,481,Kaiserbagh Tower-1
CDR-01367,7269305249,7544177008,2026-08-22T08:54:00,90,Kaiserbagh Tower-1
CDR-01368,8512482501,9702151516,2026-08-22T10:08:00,89,Vikas Nagar Tower-2
CDR-01369,7478673666,6664275980,2026-08-22T10:52:00,198,Mahanagar Tower-4
CDR-01370,6415451295,6334259395,2026-08-22T12:33:00,542,Chowk Tower-2
CDR-01371,9940212475,9347269221,2026-08-22T12:43:00,494,Charbagh Tower-5
CDR-01372,6507233216,6963900640,2026-08-22T13:24:00,251,Kaiserbagh Tower-1
CDR-01373,8057121606,8047797343,2026-08-22T13:38:00,868,Gomti Nagar Tower-3
CDR-01374,8444897666,6354292542,2026-08-22T13:58:00,252,Aminabad Tower-1
CDR-01375,7291434062,7327154194,2026-08-22T15:20:00,645,Vikas Nagar Tower-2
CDR-01376,6685425389,9719839650,2026-08-22T16:16:00,780,Hazratganj Tower-2
CDR-01377,9456789012,9415098765,2026-08-22T17:16:00,144,Aminabad Tower-1
CDR-01378,7326260514,8964006739,2026-08-22T18:20:00,823,Hazratganj Tower-2
CDR-01379,9638249972,9434909002,2026-08-22T18:36:00,256,Vibhuti Khand Tower-1
CDR-01380,9483787046,7175177293,2026-08-22T18:56:00,398,Aminabad Tower-1
CDR-01381,7659919105,7188754978,2026-08-22T20:03:00,143,Vikas Nagar Tower-2
CDR-01382,7559568502,8430179594,2026-08-22T20:55:00,124,Kaiserbagh Tower-1
CDR-01383,7700947059,6122628228,2026-08-22T22:02:00,813,Aminabad Tower-1
CDR-01384,9900112233,9335566778,2026-08-22T22:49:00,60,Alambagh Tower-2
CDR-01385,6808248219,8053333855,2026-08-22T22:58:00,210,Mahanagar Tower-4
CDR-01386,9746082838,6593773966,2026-08-23T08:01:00,466,Chowk Tower-2
CDR-01387,9456789012,7007654321,2026-08-23T09:08:00,46,Charbagh Tower-5
CDR-01388,6980453929,9175033792,2026-08-23T10:40:00,278,Chinhat Tower-1
CDR-01389,6566988397,6475715049,2026-08-23T12:34:00,37,Sarojini Nagar Tower-1
CDR-01390,6817795662,6064299441,2026-08-23T15:09:00,733,Vibhuti Khand Tower-1
CDR-01391,6438286655,9369688297,2026-08-23T15:31:00,596,Vibhuti Khand Tower-1
CDR-01392,9388577938,6948313189,2026-08-23T17:10:00,225,Chowk Tower-2
CDR-01393,6023238414,8906672645,2026-08-23T18:15:00,386,Sarojini Nagar Tower-1
CDR-01394,8664976681,8262676770,2026-08-23T18:37:00,714,Vibhuti Khand Tower-1
CDR-01395,9262340097,9866583917,2026-08-23T20:18:00,245,Chowk Tower-2
CDR-01396,8864386036,7015536123,2026-08-23T20:19:00,800,Chinhat Tower-1
CDR-01397,6640137205,9820022835,2026-08-24T07:59:00,17,Charbagh Tower-5
CDR-01398,7031055601,8305561539,2026-08-24T08:10:00,26,Chowk Tower-2
CDR-01399,7860140885,7876077092,2026-08-24T11:18:00,401,Charbagh Tower-5
CDR-01400,7589737189,7407690592,2026-08-24T12:50:00,191,Chowk Tower-2
CDR-01401,7227601074,6475715049,2026-08-24T12:52:00,606,Chowk Tower-2
CDR-01402,8512482501,9061228902,2026-08-24T14:09:00,15,Vikas Nagar Tower-2
CDR-01403,8512482501,9107899557,2026-08-24T14:17:00,183,Vikas Nagar Tower-2
CDR-01404,7623833617,9335566778,2026-08-24T14:58:00,75,Charbagh Tower-5
CDR-01405,9638249972,6784862405,2026-08-24T15:43:00,557,Vibhuti Khand Tower-1
CDR-01406,8932608107,7727776720,2026-08-24T17:06:00,516,Chinhat Tower-1
CDR-01407,8391457774,8680254043,2026-08-24T18:21:00,525,Chowk Tower-2
CDR-01408,6273771053,9800024845,2026-08-24T18:38:00,102,Gomti Nagar Tower-3
CDR-01409,6446025310,8047797343,2026-08-24T18:42:00,138,Indira Nagar Tower-1
CDR-01410,9812300456,9839011122,2026-08-24T19:15:00,295,Indira Nagar Tower-1
CDR-01411,6023238414,7191723565,2026-08-24T19:31:00,435,Sarojini Nagar Tower-1
CDR-01412,6415451295,7601924376,2026-08-24T20:15:00,110,Chowk Tower-2
CDR-01413,7835212427,7449086171,2026-08-24T20:18:00,449,Vibhuti Khand Tower-1
CDR-01414,8886168045,8680254043,2026-08-24T21:10:00,756,Hazratganj Tower-2
CDR-01415,6180624059,6925538631,2026-08-24T22:02:00,465,Aminabad Tower-1
CDR-01416,9988001122,9900112233,2026-08-24T22:40:00,117,Vikas Nagar Tower-2
CDR-01417,7083910532,7191723565,2026-08-25T07:31:00,448,Chinhat Tower-1
CDR-01418,9687648814,9451962676,2026-08-25T07:36:00,545,Kaiserbagh Tower-1
CDR-01419,9812300456,7309876543,2026-08-25T08:08:00,109,Indira Nagar Tower-1
CDR-01420,8013780200,6610603446,2026-08-25T09:26:00,567,Sarojini Nagar Tower-1
CDR-01421,6438286655,7769211161,2026-08-25T09:42:00,656,Vibhuti Khand Tower-1
CDR-01422,7360890915,6096966722,2026-08-25T09:53:00,803,Vikas Nagar Tower-2
CDR-01423,6180624059,7810236311,2026-08-25T10:38:00,388,Aminabad Tower-1
CDR-01424,8451680897,6157952636,2026-08-25T10:52:00,313,Aminabad Tower-1
CDR-01425,8027665639,7845621681,2026-08-25T13:18:00,707,Mahanagar Tower-4
CDR-01426,9615589021,9476743446,2026-08-25T14:50:00,860,Mahanagar Tower-4
CDR-01427,9308138819,9866583917,2026-08-25T15:25:00,718,Alambagh Tower-2
CDR-01428,8558622127,9175033792,2026-08-25T19:18:00,151,Kaiserbagh Tower-1
CDR-01429,8469565834,9335566778,2026-08-25T19:26:00,65,Charbagh Tower-5
CDR-01430,6023238414,8235112204,2026-08-25T19:46:00,524,Sarojini Nagar Tower-1
CDR-01431,6609395435,9451962676,2026-08-26T09:56:00,154,Chowk Tower-2
CDR-01432,7734390122,9476743446,2026-08-26T10:04:00,190,Charbagh Tower-5
CDR-01433,9257771553,9142631499,2026-08-26T10:33:00,63,Chinhat Tower-1
CDR-01434,7083910532,6184487415,2026-08-26T12:57:00,416,Chinhat Tower-1
CDR-01435,7031055601,8605883214,2026-08-26T16:59:00,82,Chowk Tower-2
CDR-01436,7735834181,7175177293,2026-08-26T17:03:00,138,Chinhat Tower-1
CDR-01437,9316688491,9360638495,2026-08-26T17:05:00,292,Vikas Nagar Tower-2
CDR-01438,9483787046,6033952081,2026-08-26T18:21:00,327,Aminabad Tower-1
CDR-01439,8878002896,6303257914,2026-08-26T19:25:00,602,Hazratganj Tower-2
CDR-01440,6180624059,7016331250,2026-08-26T21:40:00,321,Aminabad Tower-1
CDR-01441,9900112233,9335566778,2026-08-26T22:30:00,133,Alambagh Tower-2
CDR-01442,9563143821,9702151516,2026-08-27T07:24:00,812,Kaiserbagh Tower-1
CDR-01443,7276844091,7876077092,2026-08-27T08:49:00,461,Aminabad Tower-1
CDR-01444,9432127964,7490043565,2026-08-27T08:56:00,662,Vibhuti Khand Tower-1
CDR-01445,7030655000,7490043565,2026-08-27T11:58:00,544,Kaiserbagh Tower-1
CDR-01446,6817795662,9820418672,2026-08-27T12:13:00,534,Vibhuti Khand Tower-1
CDR-01447,9786839654,8851644969,2026-08-27T14:35:00,38,Mahanagar Tower-4
CDR-01448,7076539435,9626916156,2026-08-27T15:29:00,856,Alambagh Tower-2
CDR-01449,9365055197,7149286709,2026-08-27T17:37:00,405,Charbagh Tower-5
CDR-01450,6507233216,8423244633,2026-08-27T18:24:00,764,Kaiserbagh Tower-1
CDR-01451,8451680897,7769211161,2026-08-27T19:19:00,462,Aminabad Tower-1
CDR-01452,9812300456,9839011122,2026-08-27T19:45:00,360,Indira Nagar Tower-1
CDR-01453,6240899798,7726926839,2026-08-27T20:29:00,699,Indira Nagar Tower-1
CDR-01454,6764792786,8873110260,2026-08-27T21:42:00,394,Kaiserbagh Tower-1
CDR-01455,7194598177,9335566778,2026-08-27T22:06:00,94,Charbagh Tower-5
CDR-01456,9563143821,8423244633,2026-08-28T07:28:00,22,Kaiserbagh Tower-1
CDR-01457,6023238414,6451864322,2026-08-28T09:47:00,808,Sarojini Nagar Tower-1
CDR-01458,8205282605,8160493860,2026-08-28T10:03:00,331,Indira Nagar Tower-1
CDR-01459,6609395435,9865364639,2026-08-28T13:03:00,848,Chowk Tower-2
CDR-01460,9388577938,8642784640,2026-08-28T14:01:00,487,Chowk Tower-2
CDR-01461,8444897666,6691258218,2026-08-28T14:48:00,738,Aminabad Tower-1
CDR-01462,9456789012,9415098765,2026-08-28T17:25:00,173,Aminabad Tower-1
CDR-01463,8579617777,7127537230,2026-08-28T18:24:00,635,Sarojini Nagar Tower-1
CDR-01464,7538985796,6064299441,2026-08-28T20:06:00,331,Vikas Nagar Tower-2
CDR-01465,9687648814,7726926839,2026-08-28T20:24:00,498,Kaiserbagh Tower-1
CDR-01466,6892930801,8882629596,2026-08-28T20:58:00,639,Aliganj Tower-3
CDR-01467,6807707256,9335566778,2026-08-28T21:02:00,83,Charbagh Tower-5
CDR-01468,9988001122,9839011122,2026-08-28T21:10:00,165,Vikas Nagar Tower-2
CDR-01469,7735834181,8405365806,2026-08-29T07:22:00,47,Chinhat Tower-1
CDR-01470,6332254767,7811610551,2026-08-29T07:47:00,597,Kaiserbagh Tower-1
CDR-01471,9456789012,7007654321,2026-08-29T09:43:00,73,Charbagh Tower-5
CDR-01472,6764792786,8732959914,2026-08-29T10:24:00,579,Kaiserbagh Tower-1
CDR-01473,8391457774,9305513327,2026-08-29T11:08:00,729,Chowk Tower-2
CDR-01474,8469565834,9335566778,2026-08-29T11:43:00,78,Charbagh Tower-5
CDR-01475,9926979817,7904344107,2026-08-29T12:42:00,423,Aminabad Tower-1
CDR-01476,6745805285,9794459979,2026-08-29T13:26:00,833,Alambagh Tower-2
CDR-01477,8206117741,9839412593,2026-08-29T13:53:00,474,Chowk Tower-2
CDR-01478,8469565834,9335566778,2026-08-29T14:49:00,56,Charbagh Tower-5
CDR-01479,8862043729,7345093184,2026-08-29T14:58:00,296,Aminabad Tower-1
CDR-01480,6598443495,8305561539,2026-08-29T15:26:00,830,Gomti Nagar Tower-3
CDR-01481,8271031012,6807538931,2026-08-29T16:54:00,529,Hazratganj Tower-2
CDR-01482,9670893222,6291749574,2026-08-29T16:55:00,69,Alambagh Tower-2
CDR-01483,6878691940,9335566778,2026-08-29T17:27:00,101,Charbagh Tower-5
CDR-01484,6180624059,7674592542,2026-08-29T17:35:00,593,Aminabad Tower-1
CDR-01485,8174052984,7543274720,2026-08-29T17:46:00,313,Charbagh Tower-5
CDR-01486,6745805285,7990003347,2026-08-29T18:03:00,35,Alambagh Tower-2
CDR-01487,9638249972,6779917439,2026-08-29T18:26:00,479,Vibhuti Khand Tower-1
CDR-01488,7781973665,7025032791,2026-08-29T20:04:00,310,Sarojini Nagar Tower-1
CDR-01489,8579617777,9003561882,2026-08-29T20:07:00,652,Sarojini Nagar Tower-1
CDR-01490,7269305249,7273029606,2026-08-30T07:38:00,511,Kaiserbagh Tower-1
CDR-01491,8878002896,8275123595,2026-08-30T09:28:00,285,Hazratganj Tower-2
CDR-01492,8589401085,6767920988,2026-08-30T10:01:00,857,Charbagh Tower-5
CDR-01493,9988001122,6023033729,2026-08-30T10:05:00,20,Vikas Nagar Tower-2
CDR-01494,9988001122,7639629979,2026-08-30T10:11:00,45,Vikas Nagar Tower-2
CDR-01495,9988001122,9074347242,2026-08-30T10:17:00,38,Vikas Nagar Tower-2
CDR-01496,9988001122,7316779813,2026-08-30T10:23:00,45,Vikas Nagar Tower-2
CDR-01497,9687648814,6671615495,2026-08-30T10:27:00,156,Kaiserbagh Tower-1
CDR-01498,9988001122,7745566290,2026-08-30T10:29:00,42,Vikas Nagar Tower-2
CDR-01499,8341038325,9839412593,2026-08-30T11:53:00,22,Vibhuti Khand Tower-1
CDR-01500,8397806769,8089531066,2026-08-30T11:58:00,473,Vibhuti Khand Tower-1
CDR-01501,9451234567,9812300456,2026-08-30T13:15:00,140,Mahanagar Tower-4
CDR-01502,8027665639,7038250475,2026-08-30T14:36:00,815,Mahanagar Tower-4
CDR-01503,9687648814,8312738599,2026-08-30T15:49:00,246,Kaiserbagh Tower-1
CDR-01504,6694995585,7674592542,2026-08-30T16:06:00,645,Alambagh Tower-2
CDR-01505,7276844091,8163362928,2026-08-30T16:29:00,792,Aminabad Tower-1
CDR-01506,6427135822,7601924376,2026-08-30T18:53:00,378,Sarojini Nagar Tower-1
CDR-01507,9812300456,9839077001,2026-08-30T19:11:00,551,Indira Nagar Tower-1
CDR-01508,7031055601,7674592542,2026-08-30T19:53:00,392,Chowk Tower-2
CDR-01509,6036593292,7446784969,2026-08-30T20:02:00,637,Chowk Tower-2
CDR-01510,6223651659,8605883214,2026-08-30T20:17:00,701,Hazratganj Tower-2
CDR-01511,9109252478,8680254043,2026-08-30T20:25:00,680,Indira Nagar Tower-1
CDR-01512,8661821295,7327154194,2026-08-30T20:57:00,768,Gomti Nagar Tower-3
CDR-01513,9900112233,9335566778,2026-08-30T22:16:00,87,Alambagh Tower-2
CDR-01514,7227601074,7067918233,2026-08-30T22:28:00,690,Chowk Tower-2
CDR-01515,6446025310,6122628228,2026-08-31T07:12:00,451,Indira Nagar Tower-1
CDR-01516,6240899798,8761508190,2026-08-31T07:30:00,793,Indira Nagar Tower-1
CDR-01517,9812300456,7309876543,2026-08-31T08:17:00,138,Indira Nagar Tower-1
CDR-01518,6553479583,6303257914,2026-08-31T08:18:00,41,Aminabad Tower-1
CDR-01519,8391457774,7772683718,2026-08-31T09:49:00,295,Chowk Tower-2
CDR-01520,6568330958,6613554490,2026-08-31T09:58:00,465,Mahanagar Tower-4
CDR-01521,6745805285,7666050234,2026-08-31T11:43:00,788,Alambagh Tower-2
CDR-01522,6223651659,8234582647,2026-08-31T12:26:00,239,Hazratganj Tower-2
CDR-01523,7031055601,6122628228,2026-08-31T13:49:00,705,Chowk Tower-2
CDR-01524,7897036482,9812347335,2026-08-31T14:05:00,864,Chinhat Tower-1
CDR-01525,8966422603,9781288344,2026-08-31T16:17:00,395,Chinhat Tower-1
CDR-01526,6685425389,6955212314,2026-08-31T16:33:00,770,Hazratganj Tower-2
CDR-01527,6438286655,8784640487,2026-08-31T17:06:00,641,Vibhuti Khand Tower-1
CDR-01528,8391457774,9305513327,2026-08-31T18:21:00,301,Chowk Tower-2
CDR-01529,8862043729,6424812661,2026-08-31T18:33:00,865,Aminabad Tower-1
CDR-01530,6897921229,6779917439,2026-08-31T19:11:00,302,Sarojini Nagar Tower-1
CDR-01531,9319251867,6317774491,2026-08-31T20:52:00,226,Charbagh Tower-5
CDR-01532,7505324417,7036246230,2026-08-31T21:55:00,756,Vikas Nagar Tower-2
CDR-01533,7559568502,9702151516,2026-08-31T22:18:00,224,Kaiserbagh Tower-1
CDR-01534,8698603119,9245147718,2026-09-01T07:34:00,468,Vibhuti Khand Tower-1
CDR-01535,9008786366,7904344107,2026-09-01T10:12:00,366,Mahanagar Tower-4
CDR-01536,7313330850,9369688297,2026-09-01T10:58:00,151,Hazratganj Tower-2
CDR-01537,6553479583,8305561539,2026-09-01T10:59:00,444,Aminabad Tower-1
CDR-01538,6807707256,9335566778,2026-09-01T11:46:00,78,Charbagh Tower-5
CDR-01539,7659919105,6199928373,2026-09-01T11:51:00,68,Vikas Nagar Tower-2
CDR-01540,7897036482,8312738599,2026-09-01T12:02:00,373,Chinhat Tower-1
CDR-01541,9106340013,7280768051,2026-09-01T12:52:00,777,Indira Nagar Tower-1
CDR-01542,8835659947,7489805580,2026-09-01T14:18:00,775,Vibhuti Khand Tower-1
CDR-01543,6817795662,8710003324,2026-09-01T15:06:00,721,Vibhuti Khand Tower-1
CDR-01544,7448119675,9714948284,2026-09-01T16:58:00,854,Vibhuti Khand Tower-1
CDR-01545,8271031012,8053333855,2026-09-01T18:03:00,41,Hazratganj Tower-2
CDR-01546,9748501757,8946827309,2026-09-01T18:53:00,601,Mahanagar Tower-4
CDR-01547,9748501757,6642079575,2026-09-01T19:40:00,542,Mahanagar Tower-4
CDR-01548,8932608107,8262676770,2026-09-01T20:35:00,312,Chinhat Tower-1
CDR-01549,7694743992,7251054307,2026-09-01T20:56:00,200,Sarojini Nagar Tower-1
CDR-01550,8830947027,7345093184,2026-09-01T21:33:00,533,Chowk Tower-2
CDR-01551,8122165622,7036246230,2026-09-01T21:53:00,301,Alambagh Tower-2
CDR-01552,7185168564,7038250475,2026-09-01T22:12:00,159,Sarojini Nagar Tower-1
CDR-01553,6805873352,8184221785,2026-09-01T22:26:00,122,Vikas Nagar Tower-2
CDR-01554,8579617777,9433614939,2026-09-02T07:14:00,279,Sarojini Nagar Tower-1
CDR-01555,7227601074,7737886341,2026-09-02T07:32:00,143,Chowk Tower-2
CDR-01556,9403255481,8639700697,2026-09-02T08:33:00,348,Vikas Nagar Tower-2
CDR-01557,7649705456,7601924376,2026-09-02T08:54:00,620,Kaiserbagh Tower-1
CDR-01558,8512482501,7091432445,2026-09-02T09:18:00,460,Vikas Nagar Tower-2
CDR-01559,7659919105,6019544044,2026-09-02T11:26:00,267,Vikas Nagar Tower-2
CDR-01560,9670893222,9794459979,2026-09-02T14:24:00,723,Alambagh Tower-2
CDR-01561,6023238414,7514290906,2026-09-02T15:03:00,216,Sarojini Nagar Tower-1
CDR-01562,6897921229,8211326111,2026-09-02T15:25:00,727,Sarojini Nagar Tower-1
CDR-01563,9109252478,7649565799,2026-09-02T16:00:00,281,Indira Nagar Tower-1
CDR-01564,6817795662,7904344107,2026-09-02T18:19:00,363,Vibhuti Khand Tower-1
CDR-01565,7578391803,6963900640,2026-09-02T18:21:00,687,Aminabad Tower-1
CDR-01566,9812300456,9839077001,2026-09-02T19:22:00,550,Indira Nagar Tower-1
CDR-01567,8391457774,8413005394,2026-09-02T19:27:00,777,Chowk Tower-2
CDR-01568,6222197719,8262676770,2026-09-02T19:58:00,470,Charbagh Tower-5
CDR-01569,7344312289,6047244804,2026-09-02T20:11:00,576,Charbagh Tower-5
CDR-01570,7478673666,6450390265,2026-09-02T20:17:00,280,Mahanagar Tower-4
CDR-01571,9926979817,7315038751,2026-09-02T20:24:00,25,Aminabad Tower-1
CDR-01572,7360890915,9107899557,2026-09-02T20:57:00,817,Vikas Nagar Tower-2
CDR-01573,8864386036,7882833956,2026-09-02T21:53:00,641,Chinhat Tower-1
CDR-01574,8013780200,8095569828,2026-09-02T22:50:00,710,Sarojini Nagar Tower-1
CDR-01575,8936455224,8095569828,2026-09-03T08:52:00,587,Aliganj Tower-3
CDR-01576,6807707256,9335566778,2026-09-03T09:50:00,33,Charbagh Tower-5
CDR-01577,8451680897,8163362928,2026-09-03T13:45:00,840,Aminabad Tower-1
CDR-01578,8698603119,9486264151,2026-09-03T15:41:00,191,Vibhuti Khand Tower-1
CDR-01579,9746082838,6191543403,2026-09-03T16:17:00,23,Chowk Tower-2
CDR-01580,7269305249,8882629596,2026-09-03T16:26:00,153,Kaiserbagh Tower-1
CDR-01581,7578391803,9716560386,2026-09-03T17:38:00,89,Aminabad Tower-1
CDR-01582,9456789012,9415098765,2026-09-03T17:59:00,149,Aminabad Tower-1
CDR-01583,9695181635,9626916156,2026-09-03T18:34:00,451,Vibhuti Khand Tower-1
CDR-01584,9316688491,8517404108,2026-09-03T18:50:00,656,Vikas Nagar Tower-2
CDR-01585,7030655000,9626916156,2026-09-03T19:50:00,83,Kaiserbagh Tower-1
CDR-01586,6332353542,6664275980,2026-09-03T21:34:00,806,Alambagh Tower-2
CDR-01587,6332353542,8787905406,2026-09-03T21:38:00,681,Alambagh Tower-2
CDR-01588,7623833617,9335566778,2026-09-03T22:04:00,83,Charbagh Tower-5
CDR-01589,9900112233,9335566778,2026-09-03T22:37:00,114,Alambagh Tower-2
CDR-01590,9456789012,7007654321,2026-09-04T09:53:00,48,Charbagh Tower-5
CDR-01591,9204766826,9894627539,2026-09-04T09:57:00,76,Alambagh Tower-2
CDR-01592,8174052984,6451864322,2026-09-04T10:02:00,591,Charbagh Tower-5
CDR-01593,7897036482,8047797343,2026-09-04T10:26:00,562,Chinhat Tower-1
CDR-01594,8886168045,7823292678,2026-09-04T10:54:00,672,Hazratganj Tower-2
CDR-01595,7291434062,9476743446,2026-09-04T13:48:00,848,Vikas Nagar Tower-2
CDR-01596,7659919105,7067918233,2026-09-04T15:29:00,176,Vikas Nagar Tower-2
CDR-01597,9109252478,8756362056,2026-09-04T16:13:00,629,Indira Nagar Tower-1
CDR-01598,6694995585,8405365806,2026-09-04T17:52:00,711,Alambagh Tower-2
CDR-01599,9218094809,7091383307,2026-09-04T18:55:00,648,Vikas Nagar Tower-2
CDR-01600,6769351134,7807849269,2026-09-04T19:20:00,270,Chowk Tower-2
CDR-01601,6519258811,6774082380,2026-09-04T20:14:00,40,Mahanagar Tower-4
CDR-01602,7360890915,9245147718,2026-09-04T20:30:00,892,Vikas Nagar Tower-2
CDR-01603,6022979097,9430631184,2026-09-04T22:31:00,866,Alambagh Tower-2
CDR-01604,9670893222,8851644969,2026-09-05T09:49:00,691,Alambagh Tower-2
CDR-01605,8664976681,6535146630,2026-09-05T10:47:00,597,Vibhuti Khand Tower-1
CDR-01606,6273771053,7950661520,2026-09-05T11:13:00,247,Gomti Nagar Tower-3
CDR-01607,8936455224,7535745413,2026-09-05T11:20:00,487,Aliganj Tower-3
CDR-01608,8027665639,8143315272,2026-09-05T12:11:00,814,Mahanagar Tower-4
CDR-01609,6572952645,7727776720,2026-09-05T12:35:00,854,Sarojini Nagar Tower-1
CDR-01610,8430990138,9562148662,2026-09-05T12:50:00,161,Indira Nagar Tower-1
CDR-01611,7030655000,6685251139,2026-09-05T14:01:00,513,Kaiserbagh Tower-1
CDR-01612,7723201439,7825297405,2026-09-05T14:26:00,581,Chinhat Tower-1
CDR-01613,7076539435,9263533300,2026-09-05T14:42:00,218,Alambagh Tower-2
CDR-01614,6817795662,9446293690,2026-09-05T18:07:00,244,Vibhuti Khand Tower-1
CDR-01615,9812300456,9839077001,2026-09-05T19:07:00,207,Indira Nagar Tower-1
CDR-01616,8903314230,6963900640,2026-09-05T20:46:00,20,Mahanagar Tower-4
CDR-01617,8013780200,7449086171,2026-09-05T21:37:00,595,Sarojini Nagar Tower-1
CDR-01618,8551587713,8095569828,2026-09-05T21:41:00,691,Mahanagar Tower-4
CDR-01619,9447572774,8234582647,2026-09-06T07:17:00,350,Hazratganj Tower-2
CDR-01620,6438286655,9812347335,2026-09-06T08:20:00,855,Vibhuti Khand Tower-1
CDR-01621,9812300456,7309876543,2026-09-06T08:55:00,41,Indira Nagar Tower-1
CDR-01622,7194598177,9335566778,2026-09-06T11:13:00,68,Charbagh Tower-5
CDR-01623,6897921229,7666050234,2026-09-06T12:22:00,64,Sarojini Nagar Tower-1
CDR-01624,7578391803,9725143146,2026-09-06T12:34:00,633,Aminabad Tower-1
CDR-01625,6980453929,9504949440,2026-09-06T12:37:00,518,Chinhat Tower-1
CDR-01626,9483787046,6837909881,2026-09-06T12:46:00,785,Aminabad Tower-1
CDR-01627,6605997818,8407736105,2026-09-06T13:21:00,533,Indira Nagar Tower-1
CDR-01628,6745805285,8873110260,2026-09-06T13:21:00,489,Alambagh Tower-2
CDR-01629,9615589021,7807849269,2026-09-06T15:28:00,734,Mahanagar Tower-4
CDR-01630,9890081862,6729303069,2026-09-06T15:42:00,895,Charbagh Tower-5
CDR-01631,7578391803,9820022835,2026-09-06T15:56:00,291,Aminabad Tower-1
CDR-01632,9926979817,6691258218,2026-09-06T16:11:00,585,Aminabad Tower-1
CDR-01633,7313330850,7091383307,2026-09-06T17:57:00,780,Hazratganj Tower-2
CDR-01634,8579617777,6451864322,2026-09-06T20:43:00,697,Sarojini Nagar Tower-1
CDR-01635,8450778136,7876077092,2026-09-06T21:29:00,453,Indira Nagar Tower-1
CDR-01636,6222197719,7038250475,2026-09-07T07:37:00,195,Charbagh Tower-5
CDR-01637,6332254767,9466799901,2026-09-07T10:58:00,683,Kaiserbagh Tower-1
CDR-01638,7407446786,9451962676,2026-09-07T11:10:00,724,Sarojini Nagar Tower-1
CDR-01639,7659919105,9419068153,2026-09-07T14:38:00,875,Vikas Nagar Tower-2
CDR-01640,9106340013,7674592542,2026-09-07T17:20:00,680,Indira Nagar Tower-1
CDR-01641,6609395435,9362549250,2026-09-07T18:25:00,879,Chowk Tower-2
CDR-01642,9308138819,7674592542,2026-09-07T19:19:00,11,Alambagh Tower-2
CDR-01643,6609395435,6047244804,2026-09-07T19:33:00,587,Chowk Tower-2
CDR-01644,7478673666,9781288344,2026-09-07T20:02:00,535,Mahanagar Tower-4
CDR-01645,8271031012,6060542402,2026-09-07T21:16:00,880,Hazratganj Tower-2
CDR-01646,7723201439,6963900640,2026-09-07T21:50:00,105,Chinhat Tower-1
CDR-01647,9900112233,9335566778,2026-09-07T22:27:00,191,Alambagh Tower-2
CDR-01648,6943080948,7067918233,2026-09-07T22:37:00,542,Gomti Nagar Tower-3
CDR-01649,6807707256,9335566778,2026-09-07T22:44:00,71,Charbagh Tower-5
CDR-01650,6572952645,8464920055,2026-09-07T22:57:00,131,Sarojini Nagar Tower-1
CDR-01651,6428000733,9820418672,2026-09-08T08:40:00,219,Alambagh Tower-2
CDR-01652,7448119675,8235112204,2026-09-08T09:31:00,231,Vibhuti Khand Tower-1
CDR-01653,9635340963,8272093536,2026-09-08T10:25:00,698,Mahanagar Tower-4
CDR-01654,7940847439,8235112204,2026-09-08T13:11:00,90,Chowk Tower-2
CDR-01655,9451234567,9812300456,2026-09-08T13:20:00,127,Mahanagar Tower-4
CDR-01656,7326260514,8137181224,2026-09-08T13:49:00,207,Hazratganj Tower-2
CDR-01657,6745805285,6243893548,2026-09-08T13:51:00,275,Alambagh Tower-2
CDR-01658,9790019944,6837909881,2026-09-08T13:56:00,873,Indira Nagar Tower-1
CDR-01659,7083910532,6779917439,2026-09-08T15:04:00,850,Chinhat Tower-1
CDR-01660,6427135822,7067918233,2026-09-08T15:36:00,251,Sarojini Nagar Tower-1
CDR-01661,8878002896,7527068109,2026-09-08T16:04:00,284,Hazratganj Tower-2
CDR-01662,7659919105,7674592542,2026-09-08T16:07:00,855,Vikas Nagar Tower-2
CDR-01663,8093128879,7810236311,2026-09-08T18:08:00,847,Kaiserbagh Tower-1
CDR-01664,6438286655,8906920873,2026-09-08T18:24:00,182,Vibhuti Khand Tower-1
CDR-01665,8886168045,7807849269,2026-09-08T18:44:00,494,Hazratganj Tower-2
CDR-01666,7007336261,8728386077,2026-09-08T18:59:00,357,Chinhat Tower-1
CDR-01667,9812300456,9839077001,2026-09-08T19:10:00,343,Indira Nagar Tower-1
CDR-01668,9615589021,7514290906,2026-09-08T21:30:00,716,Mahanagar Tower-4
CDR-01669,9008786366,6641095798,2026-09-08T21:56:00,393,Mahanagar Tower-4
CDR-01670,8907273755,6199928373,2026-09-08T22:37:00,810,Aliganj Tower-3
CDR-01671,7344312289,8328768438,2026-09-08T22:51:00,78,Charbagh Tower-5
CDR-01672,7781973665,6016030321,2026-09-08T22:53:00,522,Sarojini Nagar Tower-1
CDR-01673,9257771553,6560929013,2026-09-09T07:08:00,195,Chinhat Tower-1
CDR-01674,7694743992,7402811060,2026-09-09T08:58:00,769,Sarojini Nagar Tower-1
CDR-01675,6568330958,6845633289,2026-09-09T10:40:00,60,Mahanagar Tower-4
CDR-01676,9051750496,9024962560,2026-09-09T12:13:00,93,Kaiserbagh Tower-1
CDR-01677,6223651659,6033952081,2026-09-09T15:27:00,797,Hazratganj Tower-2
CDR-01678,7589737189,6001380741,2026-09-09T16:07:00,824,Chowk Tower-2
CDR-01679,6022979097,9504949440,2026-09-09T17:03:00,122,Alambagh Tower-2
CDR-01680,7170065503,7669672598,2026-09-09T17:06:00,353,Indira Nagar Tower-1
CDR-01681,8444897666,8906920873,2026-09-09T18:16:00,734,Aminabad Tower-1
CDR-01682,7897036482,7280768051,2026-09-09T21:39:00,889,Chinhat Tower-1
CDR-01683,8444897666,6613554490,2026-09-09T21:54:00,885,Aminabad Tower-1
CDR-01684,7860140885,7067918233,2026-09-09T21:57:00,51,Charbagh Tower-5
CDR-01685,9670893222,6254222846,2026-09-10T07:17:00,124,Alambagh Tower-2
CDR-01686,6446025310,6286846804,2026-09-10T07:58:00,485,Indira Nagar Tower-1
CDR-01687,8549824097,8771698231,2026-09-10T08:41:00,87,Chinhat Tower-1
CDR-01688,9008786366,6613554490,2026-09-10T09:09:00,346,Mahanagar Tower-4
CDR-01689,6036593292,9197204378,2026-09-10T09:39:00,447,Chowk Tower-2
CDR-01690,6037318260,8546104722,2026-09-10T12:00:00,653,Sarojini Nagar Tower-1
CDR-01691,9563143821,7535745413,2026-09-10T14:41:00,671,Kaiserbagh Tower-1
CDR-01692,7300690675,9716560386,2026-09-10T15:52:00,176,Charbagh Tower-5
CDR-01693,8341038325,6254222846,2026-09-10T15:57:00,124,Vibhuti Khand Tower-1
CDR-01694,8878002896,6560929013,2026-09-10T16:08:00,717,Hazratganj Tower-2
CDR-01695,8907273755,8784640487,2026-09-10T16:35:00,86,Aliganj Tower-3
CDR-01696,7700947059,7674592542,2026-09-10T19:20:00,642,Aminabad Tower-1
CDR-01697,8397806769,8330261093,2026-09-10T19:24:00,107,Vibhuti Khand Tower-1
CDR-01698,9596410272,8713263569,2026-09-10T19:32:00,450,Vikas Nagar Tower-2
CDR-01699,9262340097,9347269221,2026-09-10T20:38:00,100,Chowk Tower-2
CDR-01700,9695181635,7727776720,2026-09-10T21:18:00,84,Vibhuti Khand Tower-1
CDR-01701,7185168564,9142631499,2026-09-10T21:48:00,613,Sarojini Nagar Tower-1
CDR-01702,7735834181,8095569828,2026-09-11T07:21:00,211,Chinhat Tower-1
CDR-01703,7623833617,9335566778,2026-09-11T13:36:00,105,Charbagh Tower-5
CDR-01704,7734390122,9925955587,2026-09-11T14:28:00,790,Charbagh Tower-5
CDR-01705,6320110536,7275684396,2026-09-11T14:51:00,52,Hazratganj Tower-2
CDR-01706,6036593292,9434909002,2026-09-11T15:29:00,724,Chowk Tower-2
CDR-01707,6808248219,7091383307,2026-09-11T16:17:00,581,Mahanagar Tower-4
CDR-01708,8341038325,6096966722,2026-09-11T17:14:00,647,Vibhuti Khand Tower-1
CDR-01709,7589737189,9289505349,2026-09-11T17:51:00,299,Chowk Tower-2
CDR-01710,7194598177,9335566778,2026-09-11T18:31:00,59,Charbagh Tower-5
CDR-01711,8966422603,9605483541,2026-09-11T18:31:00,306,Chinhat Tower-1
CDR-01712,6243182576,9812347335,2026-09-11T18:42:00,324,Mahanagar Tower-4
CDR-01713,9812300456,9839077001,2026-09-11T19:08:00,249,Indira Nagar Tower-1
CDR-01714,9790019944,6629832364,2026-09-11T19:22:00,167,Indira Nagar Tower-1
CDR-01715,9106340013,9142631499,2026-09-11T19:24:00,114,Indira Nagar Tower-1
CDR-01716,9235309679,9039828649,2026-09-11T19:34:00,300,Hazratganj Tower-2
CDR-01717,6805873352,7002942788,2026-09-11T20:26:00,745,Vikas Nagar Tower-2
CDR-01718,8589401085,7126001950,2026-09-11T22:07:00,125,Charbagh Tower-5
CDR-01719,9900112233,9335566778,2026-09-11T22:10:00,103,Alambagh Tower-2
CDR-01720,8206117741,8163362928,2026-09-11T22:14:00,723,Chowk Tower-2
CDR-01721,9812300456,7309876543,2026-09-12T08:13:00,132,Indira Nagar Tower-1
CDR-01722,6415451295,9630474543,2026-09-12T10:30:00,494,Chowk Tower-2
CDR-01723,7578391803,7315038751,2026-09-12T10:30:00,51,Aminabad Tower-1
CDR-01724,8862043729,6957652582,2026-09-12T10:57:00,740,Aminabad Tower-1
CDR-01725,8093128879,8927766971,2026-09-12T11:26:00,873,Kaiserbagh Tower-1
CDR-01726,6764792786,7016331250,2026-09-12T11:43:00,491,Kaiserbagh Tower-1
CDR-01727,6598443495,9451962676,2026-09-12T11:47:00,197,Gomti Nagar Tower-3
CDR-01728,8878002896,9114222105,2026-09-12T13:31:00,776,Hazratganj Tower-2
CDR-01729,7326260514,6767920988,2026-09-12T15:01:00,798,Hazratganj Tower-2
CDR-01730,6640137205,7322751805,2026-09-12T16:00:00,757,Charbagh Tower-5
CDR-01731,9432127964,8639700697,2026-09-12T16:02:00,168,Vibhuti Khand Tower-1
CDR-01732,7723201439,7016331250,2026-09-12T16:49:00,544,Chinhat Tower-1
CDR-01733,8814093348,8235112204,2026-09-12T20:09:00,109,Hazratganj Tower-2
CDR-01734,7470955636,6489264872,2026-09-12T21:49:00,412,Chowk Tower-2
CDR-01735,6980453929,9434909002,2026-09-12T22:17:00,260,Chinhat Tower-1
CDR-01736,7694743992,8488870324,2026-09-12T22:55:00,537,Sarojini Nagar Tower-1
CDR-01737,6694995585,6779917439,2026-09-13T07:25:00,864,Alambagh Tower-2
CDR-01738,6446025310,6191543403,2026-09-13T07:27:00,218,Indira Nagar Tower-1
CDR-01739,7194598177,9335566778,2026-09-13T09:34:00,23,Charbagh Tower-5
CDR-01740,7700947059,9289505349,2026-09-13T10:27:00,611,Aminabad Tower-1
CDR-01741,6446025310,9988827856,2026-09-13T11:37:00,294,Indira Nagar Tower-1
CDR-01742,6805873352,7489805580,2026-09-13T12:49:00,15,Vikas Nagar Tower-2
CDR-01743,6764792786,7280768051,2026-09-13T13:59:00,38,Kaiserbagh Tower-1
CDR-01744,8936455224,8095569828,2026-09-13T14:38:00,309,Aliganj Tower-3
CDR-01745,9790019944,8529737392,2026-09-13T17:16:00,852,Indira Nagar Tower-1
CDR-01746,8966422603,6691258218,2026-09-13T17:22:00,564,Chinhat Tower-1
CDR-01747,8878002896,9820022835,2026-09-13T18:10:00,642,Hazratganj Tower-2
CDR-01748,7448119675,7015536123,2026-09-13T18:25:00,222,Vibhuti Khand Tower-1
CDR-01749,8164067469,9362549250,2026-09-13T18:43:00,774,Chinhat Tower-1
CDR-01750,9483787046,7616498311,2026-09-13T18:57:00,311,Aminabad Tower-1
CDR-01751,8362645802,7549070886,2026-09-13T19:37:00,624,Charbagh Tower-5
CDR-01752,9106340013,6172756669,2026-09-13T22:04:00,816,Indira Nagar Tower-1
CDR-01753,8469565834,9335566778,2026-09-13T23:16:00,117,Charbagh Tower-5
CDR-01754,8451680897,7767296871,2026-09-14T08:12:00,604,Aminabad Tower-1
CDR-01755,7860140885,7529657632,2026-09-14T10:38:00,463,Charbagh Tower-5
CDR-01756,9008786366,7038250475,2026-09-14T12:29:00,159,Mahanagar Tower-4
CDR-01757,7694743992,8211326111,2026-09-14T12:52:00,422,Sarojini Nagar Tower-1
CDR-01758,9596410272,6948313189,2026-09-14T16:04:00,323,Vikas Nagar Tower-2
CDR-01759,8862043729,9360638495,2026-09-14T17:11:00,393,Aminabad Tower-1
CDR-01760,8664976681,7616498311,2026-09-14T18:00:00,181,Vibhuti Khand Tower-1
CDR-01761,9388577938,8639700697,2026-09-14T18:08:00,531,Chowk Tower-2
CDR-01762,7416348671,7126001950,2026-09-14T19:32:00,882,Charbagh Tower-5
CDR-01763,9812300456,9839077001,2026-09-14T19:42:00,434,Indira Nagar Tower-1
CDR-01764,8932608107,9605483541,2026-09-14T20:06:00,290,Chinhat Tower-1
CDR-01765,6568330958,7767636849,2026-09-14T20:08:00,835,Mahanagar Tower-4
CDR-01766,7269305249,6925538631,2026-09-14T20:25:00,663,Kaiserbagh Tower-1
CDR-01767,9748501757,7188754978,2026-09-14T20:47:00,873,Mahanagar Tower-4
CDR-01768,9014280388,9369688297,2026-09-14T21:08:00,876,Vikas Nagar Tower-2
CDR-01769,9051750496,8529737392,2026-09-14T21:41:00,166,Kaiserbagh Tower-1
CDR-01770,8205282605,7126001950,2026-09-14T22:04:00,838,Indira Nagar Tower-1
CDR-01771,8936455224,6199928373,2026-09-15T10:22:00,398,Aliganj Tower-3
CDR-01772,8830947027,6881881093,2026-09-15T10:50:00,237,Chowk Tower-2
CDR-01773,8549824097,6691258218,2026-09-15T11:18:00,145,Chinhat Tower-1
CDR-01774,7649705456,6475715049,2026-09-15T11:32:00,269,Kaiserbagh Tower-1
CDR-01775,8271031012,9360638495,2026-09-15T12:08:00,235,Hazratganj Tower-2
CDR-01776,8271031012,7015536123,2026-09-15T12:54:00,465,Hazratganj Tower-2
CDR-01777,6223651659,7845621681,2026-09-15T12:56:00,183,Hazratganj Tower-2
CDR-01778,7538985796,8328768438,2026-09-15T13:12:00,65,Vikas Nagar Tower-2
CDR-01779,9365055197,8644053916,2026-09-15T14:52:00,140,Charbagh Tower-5
CDR-01780,8430990138,9175033792,2026-09-15T15:32:00,730,Indira Nagar Tower-1
CDR-01781,8174052984,9725143146,2026-09-15T15:59:00,665,Charbagh Tower-5
CDR-01782,6332254767,7519074461,2026-09-15T18:07:00,52,Kaiserbagh Tower-1
CDR-01783,9262340097,7930924664,2026-09-15T19:12:00,559,Chowk Tower-2
CDR-01784,7030655000,9702151516,2026-09-15T19:44:00,465,Kaiserbagh Tower-1
CDR-01785,8512482501,8787905406,2026-09-15T20:27:00,834,Vikas Nagar Tower-2
CDR-01786,7700947059,8529737392,2026-09-15T21:26:00,218,Aminabad Tower-1
CDR-01787,9900112233,9335566778,2026-09-15T22:26:00,184,Alambagh Tower-2
CDR-01788,8362645802,8710490168,2026-09-16T07:14:00,327,Charbagh Tower-5
CDR-01789,6023238414,6664790245,2026-09-16T08:12:00,755,Sarojini Nagar Tower-1
CDR-01790,8164067469,9922242419,2026-09-16T10:28:00,203,Chinhat Tower-1
CDR-01791,7031055601,9438796492,2026-09-16T11:40:00,775,Chowk Tower-2
CDR-01792,7170065503,8868488737,2026-09-16T17:49:00,402,Indira Nagar Tower-1
CDR-01793,6022979097,8644053916,2026-09-16T21:48:00,837,Alambagh Tower-2
CDR-01794,6320110536,6450390265,2026-09-16T22:08:00,602,Hazratganj Tower-2
CDR-01795,7505324417,8488870324,2026-09-17T10:11:00,207,Vikas Nagar Tower-2
CDR-01796,7030655000,7769211161,2026-09-17T13:19:00,146,Kaiserbagh Tower-1
CDR-01797,9451234567,9812300456,2026-09-17T13:33:00,113,Mahanagar Tower-4
CDR-01798,6685425389,9562148662,2026-09-17T14:06:00,340,Hazratganj Tower-2
CDR-01799,8830947027,9142631499,2026-09-17T15:05:00,751,Chowk Tower-2
CDR-01800,7559568502,9725143146,2026-09-17T15:46:00,882,Kaiserbagh Tower-1
CDR-01801,9388577938,6593773966,2026-09-17T16:18:00,226,Chowk Tower-2
CDR-01802,9308138819,8312738599,2026-09-17T17:01:00,89,Alambagh Tower-2
CDR-01803,9926979817,8477896097,2026-09-17T17:13:00,664,Aminabad Tower-1
CDR-01804,6566988397,8464920055,2026-09-17T17:53:00,582,Sarojini Nagar Tower-1
CDR-01805,7360890915,8517404108,2026-09-17T19:47:00,174,Vikas Nagar Tower-2
CDR-01806,9812300456,9839077001,2026-09-17T19:47:00,203,Indira Nagar Tower-1
CDR-01807,6427135822,8137181224,2026-09-17T20:02:00,264,Sarojini Nagar Tower-1
CDR-01808,7538985796,9003561882,2026-09-17T20:15:00,119,Vikas Nagar Tower-2
CDR-01809,6036593292,9197204378,2026-09-17T20:44:00,594,Chowk Tower-2
CDR-01810,6568330958,6218892710,2026-09-17T22:21:00,702,Mahanagar Tower-4
CDR-01811,9746082838,8946827309,2026-09-18T07:30:00,761,Chowk Tower-2
CDR-01812,6769351134,8851644969,2026-09-18T08:08:00,566,Chowk Tower-2
CDR-01813,9812300456,7309876543,2026-09-18T08:44:00,84,Indira Nagar Tower-1
CDR-01814,7659919105,9605483541,2026-09-18T10:14:00,839,Vikas Nagar Tower-2
CDR-01815,7127668507,9562148662,2026-09-18T10:39:00,349,Indira Nagar Tower-1
CDR-01816,8164067469,9541008704,2026-09-18T10:45:00,67,Chinhat Tower-1
CDR-01817,9638249972,6642079575,2026-09-18T16:56:00,835,Vibhuti Khand Tower-1
CDR-01818,7835212427,6767920988,2026-09-18T17:06:00,334,Vibhuti Khand Tower-1
CDR-01819,9615589021,8964006739,2026-09-18T18:09:00,193,Mahanagar Tower-4
CDR-01820,6507233216,7016331250,2026-09-18T18:20:00,102,Kaiserbagh Tower-1
CDR-01821,9850177961,6437229124,2026-09-18T18:29:00,676,Sarojini Nagar Tower-1
CDR-01822,7127668507,8756362056,2026-09-18T19:54:00,62,Indira Nagar Tower-1
CDR-01823,6507233216,8642784640,2026-09-18T20:34:00,765,Kaiserbagh Tower-1
CDR-01824,9403255481,6613554490,2026-09-18T21:15:00,277,Vikas Nagar Tower-2
CDR-01825,7589737189,8906672645,2026-09-19T07:39:00,235,Chowk Tower-2
CDR-01826,9687648814,7149286709,2026-09-19T10:02:00,751,Kaiserbagh Tower-1
CDR-01827,7649705456,8488870324,2026-09-19T10:57:00,25,Kaiserbagh Tower-1
CDR-01828,8451680897,9564111189,2026-09-19T11:36:00,765,Aminabad Tower-1
CDR-01829,6332254767,6199928373,2026-09-19T11:42:00,327,Kaiserbagh Tower-1
CDR-01830,7416348671,8784640487,2026-09-19T11:43:00,295,Charbagh Tower-5
CDR-01831,8673618335,7036246230,2026-09-19T12:05:00,232,Kaiserbagh Tower-1
CDR-01832,9432127964,8211326111,2026-09-19T12:09:00,312,Vibhuti Khand Tower-1
CDR-01833,8444897666,9985491690,2026-09-19T12:32:00,637,Aminabad Tower-1
CDR-01834,6037318260,7882833956,2026-09-19T12:41:00,669,Sarojini Nagar Tower-1
CDR-01835,8936455224,6047244804,2026-09-19T13:03:00,205,Aliganj Tower-3
CDR-01836,9890081862,9865364639,2026-09-19T13:09:00,379,Charbagh Tower-5
CDR-01837,7030655000,7489805580,2026-09-19T13:53:00,579,Kaiserbagh Tower-1
CDR-01838,9106340013,9107899557,2026-09-19T15:13:00,178,Indira Nagar Tower-1
CDR-01839,8903314230,7810236311,2026-09-19T16:31:00,277,Mahanagar Tower-4
CDR-01840,8271031012,8710003324,2026-09-19T18:53:00,498,Hazratganj Tower-2
CDR-01841,8391457774,7544177008,2026-09-19T21:36:00,516,Chowk Tower-2
CDR-01842,6273771053,7519074461,2026-09-19T21:58:00,572,Gomti Nagar Tower-3
